event_id,subscriber_id,campaign_id,event_type,event_timestamp,clicked_links
88f254cb-f497-44fa-98f7-9eb20e984569,c690b4d3-27a8-4b76-9a05-3430edd95749,23c31fe1-ce4e-4d8e-ab89-51f045046185,unsubscribed,2022-10-23 20:20:00,
5f20af53-7122-40ca-9a74-2a3dcb6c6565,dcde6e1e-bc73-4ae1-ba40-935db2e4ab34,5fbf0ad5-74c4-44d4-949a-6535fd69a111,unsubscribed,2020-05-28 05:07:00,
51d2ff3f-eb5e-42d5-bbe7-1e488d27ed51,40bd6bdc-24d4-4858-83e8-81ac4df25303,512cf8ed-e29c-475d-94ca-a1c9a091b767,clicked,2023-06-21 02:35:00,https://example.com/newsletter/archive|https://www.example.com/pricing|https://example.com/whitepaper-download
b2e4c8e7-7d51-4c53-a6d4-e243e6e1bb6a,54d27759-f747-4654-a193-f0fe3e5264d3,4663d84c-83a0-4d7a-be6d-b21c0c3d410c,bounced,2023-10-22 03:57:00,
a34c0af3-63e0-444d-b1ab-e54cd4350c64,f625b28d-ca91-4536-a3bd-ec57f0777834,20d8c6bf-51dd-4a48-9bd7-934bb61eabae,bounced,2024-12-13 19:50:00,
933fa970-aba7-48f0-95e5-ac46f472eafe,73ebdb4e-34dc-4925-bb16-000fe0c01b73,5fbf0ad5-74c4-44d4-949a-6535fd69a111,opened,2020-05-28 01:03:00,
551ed5ac-1d09-4e81-a39a-2445607807ea,7ec5db87-a8b7-4dcd-a620-8ad1addf6f6e,20d8c6bf-51dd-4a48-9bd7-934bb61eabae,clicked,2024-12-13 22:19:00,https://blog.example.com/article1|https://example.com/preferences
cfbe8464-1d01-40bb-92b6-5e29085939d1,568688ce-5ddd-4d86-bc8c-80fe69184e6c,b7fe4e66-f679-4eec-ad76-fc69c504dbbc,bounced,2025-01-10 16:32:00,
70a13dcb-e524-4161-92f5-37e783edb37f,fcb8e74a-d87d-4900-a566-81bb84711aaa,9ffd4aec-90d8-45f9-b6ba-db0b8f660adf,clicked,2025-01-05 23:52:00,https://example.com/unsubscribe
21d4de44-f883-4fdb-a134-a8d1b9f827e5,f65586bd-d648-45a4-b1a7-f1dbd8a7de9d,8c3007bc-f876-442d-b635-f60e2a8ca4f1,bounced,2023-04-28 22:40:00,
3508c066-5947-43c2-8245-ab6847c7c477,bfc67333-adca-4521-8d7d-274ac4109bc6,9ffd4aec-90d8-45f9-b6ba-db0b8f660adf,unsubscribed,2025-01-05 00:24:00,
876cd6e2-256a-442a-936a-1092c49010d1,ef395658-db2b-48cf-a7cd-eceae325576e,3481a57d-0e4d-4952-9035-7f0f847d6e53,unsubscribed,2024-07-02 23:18:00,
d5398159-b77a-4d14-b1fa-712fc38892ce,eb4c45d4-b8ee-4a05-874f-83fe5d768495,e7814110-3f66-41f6-8111-8641c549dbaa,opened,2024-03-03 08:49:00,
d13fb195-f405-4692-b17b-8eb833400346,9d5b45be-144c-4934-bbec-26cfb3c3d385,e2b41cb2-fe7c-4f54-90d1-999be9a65708,bounced,2024-05-17 21:08:00,
3f21e23c-9f54-4b35-9301-137cb5399951,0d08a7e9-5ece-4319-8801-98af4dc9d7f9,13c6f5c0-521f-4ed8-bf31-aa514970e1f7,opened,2021-09-24 13:18:00,
cb71cc17-c37c-45e2-bd1c-a219b9dcd4d5,9cefa53c-b982-41a3-ba9f-d6efa53cf486,20d8c6bf-51dd-4a48-9bd7-934bb61eabae,unsubscribed,2024-12-14 14:22:00,
32096bfd-7398-4cf1-a47f-2ad779a8aa33,78481247-5e18-45d9-aacd-0d095f17f5b9,7b108c20-ca6a-4008-90d6-6e17c3523f52,opened,2024-10-21 10:44:00,
2e57b573-0d2f-4642-9713-b36af0681031,7e4e29f2-7255-4e83-8b95-a7a018ad1771,04cf0b37-e23b-4250-bf0a-c82f79b7bc80,bounced,2022-04-17 05:24:00,
211234be-45d9-4bc4-ac93-da15a2c33fa6,886d7baf-cb14-43a0-8100-6e3bed295568,d746fca7-cdf1-40f3-ba37-8bc4ba775587,unsubscribed,2025-01-21 15:40:00,
5736b635-c613-47bb-8ec4-1c28d29b346c,49cde0a5-f791-4d6c-a71e-848f94436095,7b108c20-ca6a-4008-90d6-6e17c3523f52,bounced,2024-10-23 23:16:00,
2c7e5b28-aab7-44b5-94e4-d5a274462129,bafb3cd4-9fe0-4655-a556-054198f9670e,e3fc669a-06e3-4908-9800-aac01ba0aeb2,clicked,2024-05-12 02:55:00,https://example.com/whitepaper-download
f66bc03c-cfa6-478f-aaab-84ec8846c88c,97718a46-2791-4f3c-a834-b2f2261ddbd8,dd0d9118-b2ce-4839-b4fc-7d08542ddec1,opened,2020-12-05 21:01:00,
f0355760-ce02-470e-aadb-6605c8ef6b6b,f21969a4-7287-47b6-aecb-db0ee67abd0f,d1b03c47-4f3a-4607-ae5d-93b43b6c61ae,opened,2024-03-23 14:48:00,
5c0c04ee-e8b8-4a56-ae21-f947060d9b31,05aeac11-287f-4e8f-a5da-8dd0652815c7,9ffd4aec-90d8-45f9-b6ba-db0b8f660adf,clicked,2025-01-02 22:03:00,https://example.com/whitepaper-download|https://example.com/newsletter/archive
078ee866-ddbb-4858-b54f-7edafeafb6c0,41056f46-cf87-40e0-8449-cc81f227bce5,e99ff56b-e80d-4e24-a2d8-b75549621fea,unsubscribed,2024-11-25 09:10:00,
e6581c5f-16dc-4e1c-9f30-f46146bd20ed,062f973b-ebfa-4cd7-8aff-0482f5f28337,4785e9a2-b5f4-45d8-95a6-3266960ad816,bounced,2022-12-30 19:26:00,
92c212c0-eab2-46aa-acfc-d39762438c46,164889dd-bdc8-410c-87cd-c256e2964088,1dd8e335-d4a7-414b-b021-fec4da4e1bae,clicked,2025-01-17 07:00:00,https://example.com/whitepaper-download|https://blog.example.com/article1
4015b66b-9cfe-4951-a429-ada57e483593,08f42cb4-2a4a-460a-96ec-b3d12ff6fd38,c9ae7f3b-1b92-47a6-b475-633170af19fe,clicked,2020-09-09 02:06:00,https://www.example.com/pricing|https://store.example.com/product/123
cc523970-b325-4dd5-a2b1-8e3f7163a2c2,1b46a5e1-1de8-490c-bf6a-a44167126b2b,f3ada993-2124-4a0c-9e0d-f66907a95987,bounced,2022-10-08 20:28:00,
ff7fa3e2-a18d-42eb-abe3-8cd4d929499e,59f6f6d1-f3d2-4f35-9846-a3b78710a4f7,5716b914-1ecd-40ad-84c7-e8a54ea1776a,opened,2023-10-17 19:36:00,
62656f25-2fe2-4a05-8d2b-7cee019e3ec4,8b4778b2-77f0-42b6-b450-43ede5689c3b,bbdca000-1335-4bbc-9d83-51ce4a138e92,unsubscribed,2024-12-14 13:20:00,
f7f3574a-bef7-404e-b533-7721197bc2ae,3b37c5c0-c8e3-4428-b3fe-8cbee5bd8f8f,fbec63d5-449b-4072-998d-6f5458054093,bounced,2024-11-29 12:35:00,
b5fd1417-6b88-41fc-82e5-60008c54bf53,f8e78a31-f782-42e1-9bcf-8bd498a8fbd1,e09cbb6f-ced6-49a8-bc02-da70523a6e01,unsubscribed,2020-04-04 23:42:00,
ea70eb8b-3688-49a8-806e-c75fced07917,bcf12831-8aff-4051-9cb4-40dbeb3c2f03,de4ccc3d-44c5-457e-ab96-7fca35a86c2d,bounced,2025-02-03 15:00:00,
6180fc5f-40c6-4753-aff0-ba8902231bf4,aac70511-9a21-4043-9de1-4f1d284dd5f3,4600f15d-8356-434f-85c4-04aa016f6d83,bounced,2024-07-05 11:29:00,
a96b62ae-870e-4e88-be26-845354333d37,c48d9ec8-9395-4b15-b723-64e499db8db2,b7c0f72e-3b4c-4d71-a963-a5349f253612,bounced,2023-12-01 07:20:00,
a259209b-6355-4ff6-991e-f0ff5930de63,559561e3-b330-4826-82f1-f1b0e3262791,7a50e1f5-d024-4c95-9b4d-860885b4975c,unsubscribed,2023-07-13 06:04:00,
82ff99bb-c638-48d5-9952-b7aaa153b3be,2a1348c7-80ba-41ad-8f0e-a54ee41986df,93b4961f-32dd-4066-b5a0-23a62dc0a13a,clicked,2021-05-30 23:20:00,https://example.com/preferences|https://example.com/unsubscribe
ef99f9aa-7905-4432-8204-fdaf51a789d2,b95d010d-1df3-42a2-9c66-7e6eb128fa42,02dfeb07-07fa-4158-989c-5aa306cbe968,opened,2023-08-14 07:55:00,
ca39204f-ea06-4334-a05c-17dd3df78a4b,c3435c53-371b-4034-81ef-9c1d47d1e7b6,9b1a7e57-34fd-4a3b-b5ae-ee23bfef218a,bounced,2021-10-30 22:16:00,
2dcb8918-9c96-49f9-b9c9-9d57721dd127,8c079efe-2d86-44da-acf2-26fec268c1d7,e9b29118-390a-45a0-8020-ceafb21eb245,bounced,2025-01-23 23:49:00,
504810ba-e090-4337-829c-512905f87f35,da4b2d58-f835-40cd-808b-4936bc017cea,b713cef5-91f1-4fbb-9023-7da5d64de236,clicked,2023-09-03 11:43:00,https://example.com/newsletter/archive|https://example.com/preferences
6ad01066-7a6d-46eb-a06a-3dbe017a255f,e2a8ccd3-f092-499c-a95c-32c0199a444d,422b08a5-3849-4d30-9131-901ab31a505b,clicked,2024-07-18 03:48:00,https://example.com/newsletter/archive|https://example.com/whitepaper-download
b214033e-0648-4ca0-af12-0628e6910780,1bd77896-8ea1-4812-a9b4-21c49babe1c3,90a7036d-b354-48d7-b47c-f178d09c8540,opened,2022-08-24 07:33:00,
a4256cba-3240-4301-a364-3168664a2fdb,41bda46a-6f23-4084-896d-90d1618eab12,0b455082-6f4c-48b6-8a28-1eddc0f94335,clicked,2022-10-04 06:44:00,https://example.com/whitepaper-download|https://store.example.com/product/123|https://partners.example.com/offer
09f9f4d6-6281-487d-a476-bb36f6784342,bd25b8f6-0e00-4c80-8c47-f81a3757c079,931864d9-d800-47da-bd01-527979a86c36,bounced,2025-01-07 04:23:00,
863fd91b-be87-42c3-b051-111579a8719a,6bd0b459-2506-466c-97de-54fa82614d3f,6e158ecf-7c2e-4665-a0a6-9f98bf4b2636,bounced,2024-05-27 10:23:00,
8ce9e4aa-1152-4fad-af30-085c18f3d730,f198609e-2c6f-41a4-a5c5-858c9cbb5cf2,e2b41cb2-fe7c-4f54-90d1-999be9a65708,bounced,2024-05-19 06:37:00,
58d400c8-480a-4e6f-bcd3-25c1d2739173,6c0d0da9-fd3e-4a3f-975c-2670b43b9b26,931864d9-d800-47da-bd01-527979a86c36,bounced,2025-01-03 10:53:00,
15471adb-6a2d-4bca-ab9f-c69cc0a086b0,058111da-ecda-4057-a1c7-8e4f0545ed00,6d02bbc2-cac6-4ec0-9192-3ef62476d4eb,unsubscribed,2024-12-02 02:06:00,
6b511889-1716-456f-84b1-7fcf8da1a1a6,59f6f6d1-f3d2-4f35-9846-a3b78710a4f7,422b08a5-3849-4d30-9131-901ab31a505b,unsubscribed,2024-07-19 18:49:00,
77097f82-9c4d-4eca-a357-9ddade525c00,5f2f5dcb-3fc9-4dda-98b6-df3c4925d1bc,93b4961f-32dd-4066-b5a0-23a62dc0a13a,unsubscribed,2021-06-02 07:58:00,
df18e685-2fbd-4187-ae8d-6832083cf7ae,da4b2d58-f835-40cd-808b-4936bc017cea,0f662bcb-dea2-4e55-9b10-257f7b8e755b,bounced,2020-10-30 05:45:00,
4e816f5c-9e72-456c-8857-af8994447986,66bfdff4-bdb5-4982-9804-ba516921a175,f92c0933-6e77-49c5-8be0-3477dd67d716,clicked,2024-06-13 11:30:00,https://store.example.com/product/123
357c1b59-010f-489f-bf98-431348b094a2,da4b2d58-f835-40cd-808b-4936bc017cea,8c3007bc-f876-442d-b635-f60e2a8ca4f1,clicked,2023-04-29 17:16:00,https://example.com/unsubscribe|https://example.com/whitepaper-download
2a69f43b-4d61-45d8-b24d-888d7079aa97,39e86c6c-da9f-4884-bfb0-51ad149b8a7c,06029271-7933-4a6e-aeae-04d972521fe5,bounced,2024-06-18 17:27:00,
ba96d640-0568-456f-ba4a-cf50b451da74,afc2e2ae-77e3-4897-b324-1fe9d1fa6f97,7b108c20-ca6a-4008-90d6-6e17c3523f52,clicked,2024-10-23 16:01:00,https://blog.example.com/article1|https://partners.example.com/offer
671f6a3b-522f-418b-993c-ca3700893c06,5ac842cc-ff1b-446a-b015-f6f8fbfb3f2e,8c3007bc-f876-442d-b635-f60e2a8ca4f1,unsubscribed,2023-04-25 11:48:00,
4f8e7a57-e887-4908-aa0f-49d76e60da06,1ccba697-0102-42fa-8ab5-47e76e73e813,e9b29118-390a-45a0-8020-ceafb21eb245,opened,2025-01-23 08:35:00,
21b077a2-878d-4406-894d-8354cf0558a4,6d9c4fe2-f1bd-487f-9de2-8e0513505be4,98a60e3d-94fe-46b5-8c32-fdeb98b49b68,opened,2023-09-03 05:56:00,
bda00b7b-2742-4b93-821e-27113bf21453,db977bb1-e065-40f8-bab4-a368a214cf3f,9b4e7024-918b-49de-bc79-42cd92e31c52,clicked,2021-04-06 02:54:00,https://store.example.com/product/123
d4c89b8e-f1d7-4c80-8b90-cc6d12796a41,019506c8-990f-402f-b0ff-1e3e7dc320b9,4600f15d-8356-434f-85c4-04aa016f6d83,opened,2024-06-29 14:15:00,
ba9b97c0-cc76-4af1-83d5-33c990e355bf,36bad9f4-e83d-478c-94b9-a78e1867252f,307c5fe8-aeab-47f6-a1c0-c58c45eb1fc5,clicked,2023-02-07 11:53:00,https://example.com/whitepaper-download|https://example.com/unsubscribe|https://store.example.com/product/123
b82c50db-6391-4fca-b737-b39f1ac85f4a,bc4c1707-1ab5-431b-9af1-9b59b9e5e306,8af14326-3761-4039-8c22-244d5408d5b2,clicked,2022-01-10 08:48:00,https://example.com/newsletter/archive
c3b8863d-663b-472f-915b-c52064f8fe69,2de835c9-e401-485a-906e-882c7c448d16,26e463d4-f71e-437b-8cd7-515b9c8dc2c5,opened,2024-11-12 19:02:00,
b08f23e8-a874-4e8d-9f3d-27fa911a79d4,ac45e8f0-e927-4f0d-84fd-210269238553,06029271-7933-4a6e-aeae-04d972521fe5,unsubscribed,2024-06-14 02:41:00,
6829a70e-21de-4975-81dd-70695401396e,e973e7f7-3ee8-4d53-816b-600a76388e56,57de3cb2-84ef-4495-bfaa-5b651c90d4d4,bounced,2023-12-29 13:34:00,
aab55218-56c3-4b3c-98e7-fd9bfee3006b,79fcca14-930a-48aa-9ad2-0aba880f7d2e,65b91d44-a21c-4834-aa28-522be9354c3d,clicked,2023-08-10 06:51:00,https://example.com/preferences|https://store.example.com/product/123
ff9bf91a-34b5-4b53-96e8-3ee9a4f1510d,e9d6ab84-178b-4881-9663-147ab6cb5d64,9dcca365-01e6-4b99-9cc1-9ac93daafc73,clicked,2023-07-29 14:29:00,https://example.com/newsletter/archive|https://example.com/preferences
0b51f1f2-7b25-45a4-bfc8-a5bbc6d48270,c75ada29-5c98-45fa-876a-eee50c0fd403,e9b29118-390a-45a0-8020-ceafb21eb245,clicked,2025-01-18 12:35:00,https://partners.example.com/offer
396a90ee-c7fa-4036-ba7b-bdbee20be1f6,00217f27-e009-4ee9-9cee-40b9b88e9284,143d89cf-e284-4939-a594-2a1f27dd6a2c,clicked,2023-10-12 11:56:00,https://store.example.com/product/123|https://partners.example.com/offer
31be7051-e1a8-4441-9fbf-9c33c09d3369,acb16a7b-a955-45df-baca-f0c2e743726e,6e158ecf-7c2e-4665-a0a6-9f98bf4b2636,unsubscribed,2024-05-30 15:26:00,
bb0d0519-ebaf-42cd-927e-1626b9148a03,4987ba9b-ea90-41df-860d-b88637b44a6d,8ecb8624-c876-4547-bc0d-c94d9300a043,opened,2023-05-04 15:30:00,
4c8c4b7a-d449-42dd-a1aa-dc90b83b121d,c3abe8e1-5a48-484b-91d6-51aafd16719c,f003a312-f60d-4a65-b44a-372cb989f50c,opened,2021-05-18 05:16:00,
bb8adabd-6c5d-4fe5-8384-01fe89cb4194,49cde0a5-f791-4d6c-a71e-848f94436095,26e463d4-f71e-437b-8cd7-515b9c8dc2c5,clicked,2024-11-14 10:42:00,https://example.com/unsubscribe
76ba3d27-433e-4665-9fdc-bb5a6f7f017e,14a29d5c-4c10-4821-8455-fd52b98deeaa,46ab317a-46be-4703-95d0-d1c849743278,opened,2021-11-21 21:52:00,
12c316c2-cb0c-4ba0-b8e3-74361f4dabf9,0639b122-5d91-4fb9-9d30-d233206caede,32df121d-baad-4a06-8861-0b68f9974a53,bounced,2022-12-17 03:24:00,
b1dc04ca-79f0-41eb-874a-3376ba0ab34b,1ad73b79-8994-468a-9947-d45d49542daa,ce80c0f6-7687-40f0-adb2-9ff242d18838,opened,2022-10-14 17:43:00,
39362a90-9358-4ece-98b9-c18c29009605,a5d5e2a8-2818-4248-9cb9-db4d68c56e91,ea9c880d-bdf9-4523-9a2f-b3ba081ab7b7,clicked,2024-03-28 14:36:00,https://example.com/preferences
9114f0ee-6a28-4af2-8ec4-d79cf7af43a9,0b14802b-c317-416d-82e6-51c7f99aefe4,b7fe4e66-f679-4eec-ad76-fc69c504dbbc,clicked,2025-01-11 14:10:00,https://example.com/preferences|https://example.com/whitepaper-download|https://store.example.com/product/123
673a1f5e-22fb-4798-93d3-640570e657b1,692aa45c-02a2-46c3-83e0-098aa6073720,b7fe4e66-f679-4eec-ad76-fc69c504dbbc,opened,2025-01-09 03:00:00,
6e31aa13-082a-44c3-9184-64e8bb2ae575,80c0b3f6-95d9-41f1-87d4-6fd71f37e50f,352812f8-531a-48d3-9c70-565423f8a237,bounced,2022-01-12 03:10:00,
9b1c34ee-4069-44af-b588-da1e9fb2447e,4a03ee33-e7cf-46af-9fef-95f65cc8a00a,1dd8e335-d4a7-414b-b021-fec4da4e1bae,bounced,2025-01-18 18:43:00,
e4445cb9-593c-4287-a782-86b7651f55ae,e375bde5-d7fd-42a6-af14-ec75e1f7b92d,55c9e707-6643-4bd0-a0a9-a61cf428273f,bounced,2021-04-23 11:11:00,
a1aecef2-5b53-4fea-88eb-da836caeb899,103b7cf8-181f-4646-9e8a-5e93180fbff1,98a60e3d-94fe-46b5-8c32-fdeb98b49b68,unsubscribed,2023-09-03 15:43:00,
1a1006dd-ff66-46dd-9736-0806621b7bc6,2ee7dff2-69ed-40c2-9a4d-5aebd79c4313,fbec63d5-449b-4072-998d-6f5458054093,clicked,2024-12-02 07:40:00,https://store.example.com/product/123|https://example.com/newsletter/archive|https://example.com/preferences
f6a138a0-4b21-4b92-ba4e-4454253704f0,440e7f09-63c1-4c97-9ba0-276990ada136,9b49a7cb-fff3-47ba-b014-8a53d2cae293,clicked,2021-12-11 15:24:00,https://store.example.com/product/123|https://example.com/newsletter/archive|https://partners.example.com/offer
25a48c1f-e282-4252-99e4-7af7fec25660,35e24f0e-8883-4ee0-9c89-6436d3c97a5c,931864d9-d800-47da-bd01-527979a86c36,unsubscribed,2025-01-07 01:34:00,
e6ac0112-e847-43a6-a08c-22e1a6a6c655,24513dc2-a215-4ee3-a6ae-57e254d05fc2,3481a57d-0e4d-4952-9035-7f0f847d6e53,unsubscribed,2024-07-01 20:02:00,
e10317f0-5403-402b-88e1-3af7de001169,1926cea6-8c3d-4fd8-9e8b-f1cc9d87cce5,9426109c-88cd-4ef6-bb2f-770d27b73b28,clicked,2022-07-16 07:13:00,https://example.com/preferences|https://www.example.com/pricing
5bcfab32-f058-4eb3-b22c-f39d4c248d12,135658de-b9fb-43d6-ad9e-25c78c2ac280,1d3d1396-9fba-4917-a1bf-ba39c830264d,opened,2023-06-14 15:17:00,
09eed8ab-166d-4e05-98c1-ae9753fc2ce7,46669406-403a-49fe-a7e4-23cd50d1905a,9426109c-88cd-4ef6-bb2f-770d27b73b28,opened,2022-07-17 09:34:00,
91bfed37-320e-430b-a2af-e8bbfab131a2,36205f61-5c0e-4529-aafb-e134eab6b5db,3481a57d-0e4d-4952-9035-7f0f847d6e53,unsubscribed,2024-06-27 00:26:00,
84450e40-dd39-413e-b661-318e0987347f,6a1cd018-1311-42be-b960-c01456785877,7b108c20-ca6a-4008-90d6-6e17c3523f52,clicked,2024-10-27 09:43:00,https://store.example.com/product/123|https://example.com/whitepaper-download
42a9693f-638c-486d-bd09-8594391d5e5a,dc204c01-dfb5-4e23-b04b-e3039d6e47ad,79088b85-0bb3-4ddd-8d38-a68556cedc45,opened,2022-02-14 13:41:00,
821537ef-7e64-4f84-b2dc-a8c0b2c56d5a,851dae08-9b21-4cd9-ad9c-47d83ac5f0dc,811860a8-a696-48e2-8f42-0ef03328753b,bounced,2022-01-02 21:34:00,
37b47325-e3f4-4ccc-b95a-8a835717d333,a10c6740-472a-4ba2-a514-75fec4f89c73,e7814110-3f66-41f6-8111-8641c549dbaa,bounced,2024-03-07 21:29:00,
231b6d04-829d-475c-8e70-43359771f73f,1b46a5e1-1de8-490c-bf6a-a44167126b2b,422b08a5-3849-4d30-9131-901ab31a505b,bounced,2024-07-16 12:38:00,
2f95cdcb-e583-4255-99ce-07f0279d1ad6,29dc6df3-1e0a-4379-833b-13438fd960eb,3481a57d-0e4d-4952-9035-7f0f847d6e53,opened,2024-07-01 13:12:00,
2ac6231b-c8c8-4c3e-83b1-42e71f5e0d83,0c8bad69-8569-4786-aeb0-eb6a5f67793b,fbec63d5-449b-4072-998d-6f5458054093,opened,2024-11-29 10:44:00,
4d4373ef-98c0-436e-bbbd-ee8231975075,c4daa09a-3e98-4c62-a97c-22a1a1d9ca67,02dfeb07-07fa-4158-989c-5aa306cbe968,bounced,2023-08-11 23:12:00,
1a654e15-0bef-4b0c-b13c-cb74cd09ffc2,8c987e3e-2025-4501-8220-71dbe7a0ef83,8c3007bc-f876-442d-b635-f60e2a8ca4f1,unsubscribed,2023-04-27 05:14:00,
dbd08934-d001-4248-bc5d-60404fcfbcf6,9c02bb50-4984-4585-b3ad-4322430e975c,a11c4a3b-cf41-4e50-bd80-566703f45244,clicked,2023-09-05 01:12:00,https://example.com/whitepaper-download
b07471fb-f5cd-4c6a-86a9-43fdbffc6fa5,6d1bcc02-5d4a-4f9f-b40c-3cdd41f68854,d1b03c47-4f3a-4607-ae5d-93b43b6c61ae,unsubscribed,2024-03-21 15:10:00,
4648c3fd-3341-47fd-b477-e2eabd360941,a4e2751c-475d-413b-8aa8-aa650c982abb,6e158ecf-7c2e-4665-a0a6-9f98bf4b2636,unsubscribed,2024-05-25 02:00:00,
258d4b42-c5fe-4b26-89c1-f9ea52761d56,28387536-523e-4bd1-9b00-6ba54c6158ee,e7814110-3f66-41f6-8111-8641c549dbaa,opened,2024-03-06 11:50:00,
ccb6201d-1090-48a3-820b-88c3e12820ae,225bd6f4-0fa1-4851-90a0-4623b99819ab,6e158ecf-7c2e-4665-a0a6-9f98bf4b2636,clicked,2024-05-27 23:42:00,https://store.example.com/product/123|https://example.com/whitepaper-download|https://blog.example.com/article1
85ea915c-bc39-44ed-8c80-370177807aa1,9494d2ca-4051-4731-8439-a197719a3dcb,163e4f37-c7c2-4bd1-9b17-d99b933b3574,opened,2023-01-18 16:58:00,
30247658-4d5c-4c38-85f1-5f67c1005f24,1bd77896-8ea1-4812-a9b4-21c49babe1c3,8396eed5-8f7c-46d1-8807-b3c8ffb0aeb8,unsubscribed,2023-03-24 10:14:00,
1f511870-93d0-4815-81fc-ad8835e8bee9,01ff4176-2748-470f-8b0a-14639bdb4be1,e99ff56b-e80d-4e24-a2d8-b75549621fea,clicked,2024-11-26 23:26:00,https://example.com/whitepaper-download
4346d458-88bd-47ae-a638-77f0ccb3a719,fac1844a-a396-439c-99ac-2671a9444a72,1fe0634b-9e12-40a8-9103-aee98a311a2a,opened,2024-04-05 02:27:00,
5297d7b1-7b89-435b-9078-f7cc17702a2b,019beb20-5d3b-4651-9838-04e0375b5fd8,bedc1758-fc77-4469-b3a5-40f18b92d05b,clicked,2022-09-18 10:54:00,https://example.com/preferences|https://example.com/newsletter/archive
52d2deab-054e-4504-8bee-3779ed063cbb,90d3766d-6e15-47ef-bb43-c64dc79ef595,7a50e1f5-d024-4c95-9b4d-860885b4975c,bounced,2023-07-15 21:40:00,
15754878-3f80-4e10-b1a1-b85e668b47d9,1aa78c0f-93fe-481e-8067-60ddc4b8f474,649193eb-21fe-404d-be1c-82f39bb3ea88,clicked,2023-02-10 08:00:00,https://example.com/newsletter/archive
5aaac86f-b7a2-433e-8ffd-7752e91bcc2b,a2cd789a-32f5-4181-b028-bcd7d0b3258b,8ecb8624-c876-4547-bc0d-c94d9300a043,unsubscribed,2023-05-06 14:27:00,
700a5628-40ba-4087-8953-7ce4756dc10b,9f47b241-4e7b-453f-97cd-cffcde527078,20d8c6bf-51dd-4a48-9bd7-934bb61eabae,bounced,2024-12-12 12:28:00,
fa131dee-fcf7-471d-b107-6e2fee97f3db,1aa78c0f-93fe-481e-8067-60ddc4b8f474,5cfaa61c-f442-43f8-9ead-46c9a6cd9362,unsubscribed,2023-07-23 02:34:00,
ccf68900-7d48-4d76-a3fb-5740822ca286,1bd77896-8ea1-4812-a9b4-21c49babe1c3,aadd3c28-dc49-49c0-9c43-df505ddc34a7,opened,2022-12-19 08:12:00,
eaafefef-a5fe-4a3b-99ea-582d51a4bee4,9b32e1ae-c7d8-4477-8bb5-270225eaada3,fbec63d5-449b-4072-998d-6f5458054093,unsubscribed,2024-12-02 17:58:00,
f7c95096-9f76-441b-9826-e1a21d81a01b,c8fe4085-40ca-4fe0-8f97-e862c9fc79af,422b08a5-3849-4d30-9131-901ab31a505b,unsubscribed,2024-07-18 11:41:00,
5c892395-2bc8-4e7d-8ba6-337b5ff2545a,36600ff1-253a-4c25-931d-ee27fd86ef84,b7fe4e66-f679-4eec-ad76-fc69c504dbbc,unsubscribed,2025-01-06 10:30:00,
c6387211-7478-4a33-bbe3-39f0951f4f3f,83a5f5e5-23b2-4925-a66c-cc37d244cdf7,307c5fe8-aeab-47f6-a1c0-c58c45eb1fc5,unsubscribed,2023-02-05 05:26:00,
838d8e13-8a20-4893-8fec-3fd991d23dd9,03907816-347e-4579-8f3e-faa2047d5400,71c75a2c-20f3-4846-b3a4-f6c862d08427,opened,2023-02-09 14:09:00,
55d7180f-1578-4916-973d-70e97c4d8646,a1e4c243-0459-4d53-be0c-ac412c3faac5,e2b41cb2-fe7c-4f54-90d1-999be9a65708,clicked,2024-05-20 15:42:00,https://example.com/unsubscribe|https://www.example.com/pricing|https://blog.example.com/article1
9ef3f133-2e54-48a1-9d39-0149a6be344a,6164506e-2066-46cf-89f2-4b55c4a527a7,63fa474d-1a85-41f8-afa6-5a13ba46554e,unsubscribed,2023-05-04 09:25:00,
d03433d0-5cdf-4e84-9d5f-7ee0b239fee2,f63ff0ad-61a9-4aa7-93c6-c08f5bc56b7e,f87d0de0-0618-4843-8e0b-7af69240a86f,clicked,2024-05-04 23:11:00,https://example.com/newsletter/archive|https://blog.example.com/article1|https://example.com/preferences
a9719f50-6153-4460-a096-18bf1cc4add7,d1cbf7a7-6eb5-4ff9-9237-33b6784e2326,7b108c20-ca6a-4008-90d6-6e17c3523f52,unsubscribed,2024-10-24 06:34:00,
155b7b0d-8788-4441-8fe3-40047bbf7fb3,8c079efe-2d86-44da-acf2-26fec268c1d7,199db0ab-a976-4e08-bb8f-8c5a4aa4a884,unsubscribed,2024-03-29 17:43:00,
29854084-e47f-47bb-9cc1-368f490f1704,5f96d05c-4845-489b-8344-221538283ea7,de4ccc3d-44c5-457e-ab96-7fca35a86c2d,unsubscribed,2025-02-08 00:51:00,
bff14edf-2e93-4c16-89e9-014c400360f4,163d2e26-0a08-47a7-84f8-598db59dd854,ddba2b26-43e7-4bbf-b743-b701b9f98c14,opened,2023-07-01 19:14:00,
2404411f-9ed1-46f6-8463-d1317930015b,fe970ec9-4798-487e-a93c-4481254eec97,460817b9-1dfd-4f04-b7fb-f28f15ef5e34,clicked,2022-11-08 01:10:00,https://store.example.com/product/123|https://blog.example.com/article1
65dfe320-4469-46e0-ab25-d47a242a236e,6c0d0da9-fd3e-4a3f-975c-2670b43b9b26,422b08a5-3849-4d30-9131-901ab31a505b,opened,2024-07-18 23:22:00,
33ff048e-56bb-4c22-a5f6-714011d20664,85bce3a4-6632-4236-b5b0-5b03198e1bd2,d8181830-7fe1-418c-acbe-f2cf124180df,clicked,2023-10-17 05:49:00,https://store.example.com/product/123|https://partners.example.com/offer|https://example.com/whitepaper-download
0eb3063d-e81b-425d-ae07-20719602828a,f21969a4-7287-47b6-aecb-db0ee67abd0f,d0d5af8b-aadf-497d-81ca-ee9f21cef2a4,opened,2023-08-20 04:23:00,
4e9e521b-96c0-4311-b1b1-7f0ff4de4c32,652d2dae-99f3-4501-bdf8-712a971d818e,931864d9-d800-47da-bd01-527979a86c36,clicked,2025-01-07 03:07:00,https://example.com/newsletter/archive|https://example.com/whitepaper-download|https://partners.example.com/offer
aba15f83-65f4-445f-8313-82e3be24840c,135658de-b9fb-43d6-ad9e-25c78c2ac280,237caa62-69dc-4876-aa70-0241f0a4f607,opened,2023-05-22 12:14:00,
11839b41-f428-4608-b30c-f0a04076fe57,c7dea0dc-b013-4343-9f7d-8c53a770d46c,512cf8ed-e29c-475d-94ca-a1c9a091b767,opened,2023-06-24 23:38:00,
58f73fd2-22ec-44bd-9e41-972ccc6f9c07,4a03ee33-e7cf-46af-9fef-95f65cc8a00a,b7fe4e66-f679-4eec-ad76-fc69c504dbbc,clicked,2025-01-09 12:42:00,https://example.com/preferences|https://www.example.com/pricing|https://blog.example.com/article1
007f33ee-a6ce-40a7-99eb-1d3972152275,bcf12831-8aff-4051-9cb4-40dbeb3c2f03,bbaf7de8-6b1a-47ba-be59-6b78e344cbfc,bounced,2023-12-03 02:10:00,
5422f70f-1161-4b7b-88e2-7f8662b3c952,cd8254fe-185c-48bb-bab4-e26c3d7cc049,8c3007bc-f876-442d-b635-f60e2a8ca4f1,unsubscribed,2023-04-27 08:53:00,
24946841-c22e-4e5e-89e7-7b34ae52b40f,7047c726-606c-46e8-9f9b-59a9f1f3e290,aadd3c28-dc49-49c0-9c43-df505ddc34a7,unsubscribed,2022-12-21 23:29:00,
239c1a7a-a05d-4c74-93d3-e420642ecb71,9cefa53c-b982-41a3-ba9f-d6efa53cf486,bbdca000-1335-4bbc-9d83-51ce4a138e92,bounced,2024-12-12 04:37:00,
9387efae-7d55-4fa5-8e1a-2efc93212cb6,40bd6bdc-24d4-4858-83e8-81ac4df25303,c01df22a-2bbb-4281-912a-1e4e0931e934,opened,2024-06-02 07:41:00,
0692b9e0-8948-4a45-97f9-454a59ce646d,0df1828b-2300-475c-805f-216a34be937f,20d8c6bf-51dd-4a48-9bd7-934bb61eabae,bounced,2024-12-11 08:06:00,
f8b3778d-2846-4191-9f73-2777b2ebfb85,899d157a-31af-445e-9477-471d6aef2928,20fc0600-b63f-4608-a563-967a8527b9c8,opened,2023-07-22 01:06:00,
dbcbd373-2127-4f03-b84d-c936ef67a8fe,ab211222-b614-4d8d-8c65-248af1c38962,57de3cb2-84ef-4495-bfaa-5b651c90d4d4,unsubscribed,2024-01-01 02:10:00,
9f868a41-1da7-4032-bd5e-688f238b9bca,d63643fe-d41c-4df7-a7e0-abf8c87998b3,4663d84c-83a0-4d7a-be6d-b21c0c3d410c,bounced,2023-10-23 07:11:00,
d4c33ccd-c231-4000-8d91-b9ca3a85454c,9cefa53c-b982-41a3-ba9f-d6efa53cf486,26e463d4-f71e-437b-8cd7-515b9c8dc2c5,unsubscribed,2024-11-14 12:02:00,
90bcf9eb-3073-4594-a843-dbec8dbdd230,e4b1d81f-20c2-4af4-8cd0-a950e0fa074d,9c03c142-4c94-48ad-a22f-338e6ae4cc92,unsubscribed,2022-04-05 22:03:00,
e35955b5-555c-4552-9196-d5414842be12,0e2b3898-b8ee-450f-973d-7d338253838c,6d02bbc2-cac6-4ec0-9192-3ef62476d4eb,opened,2024-12-03 07:59:00,
2c1920b9-8f72-4f14-b91c-549f1b8e7531,73cbb5f1-2fb5-482a-a5ce-70233ca897f0,d31001d0-7d9d-46f2-9c16-b356e7034532,opened,2021-08-02 06:58:00,
d586c320-7ee6-4e65-b0ab-ec75607c5d44,91c003ff-9eb0-47a3-81c8-2bec46eb4c93,6d02bbc2-cac6-4ec0-9192-3ef62476d4eb,opened,2024-12-05 01:44:00,
7d816c54-d048-4feb-99af-161dd79045ab,4ba2a1ee-ba68-4590-8f67-0e6be593c481,811860a8-a696-48e2-8f42-0ef03328753b,clicked,2022-01-01 05:25:00,https://example.com/whitepaper-download|https://store.example.com/product/123
6a66d221-4432-43b1-af0f-17c91dc967ad,14a29d5c-4c10-4821-8455-fd52b98deeaa,e6d3a032-45b2-4fb9-9d8a-b1f500729376,opened,2022-03-17 14:59:00,
d1a45a1f-234b-48ee-9593-9f79a574a5c5,29bf1c96-d42e-4e5f-8c1c-8738ad8b94a3,70a139cf-642c-4bfa-861e-91959de0a23f,bounced,2022-01-19 10:32:00,
3e59b32e-aa65-4929-9334-364a0c46575b,e6e26344-523f-4f62-b366-198b3d125288,bbdca000-1335-4bbc-9d83-51ce4a138e92,opened,2024-12-14 07:51:00,
32ab97d1-47bf-4143-b10e-ab88df9ab94e,aac70511-9a21-4043-9de1-4f1d284dd5f3,3481a57d-0e4d-4952-9035-7f0f847d6e53,clicked,2024-06-27 14:01:00,https://example.com/whitepaper-download
cf503b38-bc9f-4903-9c7f-87297078a05f,ac59ce1e-4b42-4afa-a94e-1ab8c0a234c9,5c93887e-06ca-4f74-a782-45702bd91104,bounced,2023-11-10 01:31:00,
62c759b0-ed52-4fa7-86da-b5b3d1fe5785,6164506e-2066-46cf-89f2-4b55c4a527a7,d3814d48-118b-41a0-8006-d76967ebeadd,opened,2022-03-20 05:08:00,
0c29808c-7b36-4e39-be48-9581f673060b,525f855e-a83d-4fad-bcf1-7408eefbbd14,4600f15d-8356-434f-85c4-04aa016f6d83,unsubscribed,2024-07-01 17:50:00,
d8a7eb52-061a-4656-9def-2ec4475ad272,24513dc2-a215-4ee3-a6ae-57e254d05fc2,d1b03c47-4f3a-4607-ae5d-93b43b6c61ae,opened,2024-03-22 07:58:00,
1ffd99ea-f425-4585-9397-7b0f5efd176f,bafb3cd4-9fe0-4655-a556-054198f9670e,70f10419-564c-4eaf-9817-2b4934bd0207,unsubscribed,2022-04-27 13:13:00,
5c9b61eb-1546-484a-b7f1-3befbc555007,03907816-347e-4579-8f3e-faa2047d5400,d1b03c47-4f3a-4607-ae5d-93b43b6c61ae,clicked,2024-03-20 08:48:00,https://partners.example.com/offer|https://store.example.com/product/123
55eb7572-6747-4e79-a04b-8bc08f0e5b64,9c02bb50-4984-4585-b3ad-4322430e975c,7fc29d11-af9b-43e6-bbcd-f34906341e8c,clicked,2023-07-18 09:51:00,https://example.com/unsubscribe
c63ba6a0-7978-493e-ac63-8fda41d8270d,c3878847-48cc-46d0-af2d-82a95c4c16b5,c01df22a-2bbb-4281-912a-1e4e0931e934,clicked,2024-06-02 18:14:00,https://example.com/preferences
f0d2ccb1-3316-4c42-9e0a-00ca9f724142,bf0c6793-096a-4c88-9a0c-0d6552e99ae4,1d3d1396-9fba-4917-a1bf-ba39c830264d,bounced,2023-06-19 18:31:00,
81f1a084-c9b5-4d2f-9882-fb7bc6ce62db,4a09a593-6217-4364-9098-534109628c62,6ddb267f-7199-48e6-8e5d-e44cb3ba1e48,opened,2021-05-07 01:08:00,
a0cb6d11-da44-4d45-98bc-5f6a3da9998f,f8e78a31-f782-42e1-9bcf-8bd498a8fbd1,e2b41cb2-fe7c-4f54-90d1-999be9a65708,unsubscribed,2024-05-15 13:35:00,
2c642614-c38b-408d-b2cd-7a428495cfd3,2de835c9-e401-485a-906e-882c7c448d16,de4ccc3d-44c5-457e-ab96-7fca35a86c2d,clicked,2025-02-08 19:06:00,https://partners.example.com/offer|https://blog.example.com/article1|https://www.example.com/pricing
2986db25-f1c3-4013-9472-7d04d2b96225,7e0b1205-00db-4830-96a8-3b55c9616b91,1dd8e335-d4a7-414b-b021-fec4da4e1bae,bounced,2025-01-21 05:21:00,
53a4dda4-f456-41cc-8838-a3cbc3c9c331,f5484725-b6d0-44f0-a7cd-f6291d9baf5d,32df121d-baad-4a06-8861-0b68f9974a53,clicked,2022-12-17 06:28:00,https://example.com/whitepaper-download
bc368559-53a9-4748-a807-983b84ca84cb,fdd25d43-0183-4e81-9950-457593bac3ef,e69b44a6-b11a-4346-a183-7918e6a6d723,opened,2023-12-13 01:53:00,
2478f2f9-da71-434d-a5d4-b7fc7ccba022,3546732e-2b15-4563-a8cb-2668e030d5c3,aadd3c28-dc49-49c0-9c43-df505ddc34a7,clicked,2022-12-17 10:54:00,https://store.example.com/product/123|https://partners.example.com/offer|https://example.com/preferences
151a5020-56b0-4c44-9232-52ea5e26dab6,71a25910-6dea-49aa-8650-505d65a8391b,1dd8e335-d4a7-414b-b021-fec4da4e1bae,opened,2025-01-20 00:51:00,
fb08d914-9897-4cf6-bf6c-ee5d02f1a890,831b7487-21ab-4c38-b373-332509717805,6d02bbc2-cac6-4ec0-9192-3ef62476d4eb,unsubscribed,2024-12-05 16:03:00,
08acbcae-1d0a-4c3a-8743-2ae3a8a60ff2,7d52a70d-c9c3-4aca-9d37-aaeece1557f7,4600f15d-8356-434f-85c4-04aa016f6d83,unsubscribed,2024-07-03 10:58:00,
432030b4-fb19-48c8-bea1-f612959c8288,5a0e2f79-bb7a-4ba7-842d-b947fe9c451e,724651a2-b52e-4cd5-8c8d-e157a4d4d65e,opened,2020-07-06 07:28:00,
dcc05d3c-e861-44e4-abd5-864da4f14fe9,e95f0fb3-995f-440c-8718-4df10d638303,512cf8ed-e29c-475d-94ca-a1c9a091b767,bounced,2023-06-18 10:02:00,
1248013f-5ac8-4190-b0d2-f156f1351190,b85ee2bf-5fd4-490c-964b-df91b2be8042,7fc29d11-af9b-43e6-bbcd-f34906341e8c,clicked,2023-07-16 17:15:00,https://example.com/newsletter/archive
4d761231-50e3-41d8-9854-976bc234052d,f53088a3-f773-4346-8a1b-9466edf29db6,1dd8e335-d4a7-414b-b021-fec4da4e1bae,clicked,2025-01-22 02:50:00,https://example.com/unsubscribe
81d59f72-589d-40f6-94d0-81d5ab53746e,51534a16-9517-4201-aa75-5ca35c565b86,1fe0634b-9e12-40a8-9103-aee98a311a2a,clicked,2024-04-03 15:08:00,https://example.com/preferences|https://example.com/newsletter/archive
e95b6b39-120a-47a4-b3e7-45fc71a409a1,bcf1e356-7374-48e1-bc92-29c189d98524,4600f15d-8356-434f-85c4-04aa016f6d83,bounced,2024-07-04 21:59:00,
b708266f-388e-4110-b055-8c712ab549bd,27b613a8-bf8b-4623-bc66-490ed5602ecc,512cf8ed-e29c-475d-94ca-a1c9a091b767,opened,2023-06-21 21:05:00,
babe0530-e378-44e5-aa20-d23bd1536222,44c4d573-1945-474c-b2cf-faed7f6ab61b,20d8c6bf-51dd-4a48-9bd7-934bb61eabae,unsubscribed,2024-12-11 00:27:00,
8650d239-b976-4ef1-949f-686d52e17fc4,0d08a7e9-5ece-4319-8801-98af4dc9d7f9,460817b9-1dfd-4f04-b7fb-f28f15ef5e34,opened,2022-11-07 05:10:00,
fa8e2318-7c89-4161-8e30-fe4809106dd3,214ef0bf-8582-4bb9-acac-a524cfd8aa0e,e69b44a6-b11a-4346-a183-7918e6a6d723,opened,2023-12-11 07:30:00,
76dd48fa-0abe-4185-b25c-c89ef0168f76,e973e7f7-3ee8-4d53-816b-600a76388e56,b713cef5-91f1-4fbb-9023-7da5d64de236,bounced,2023-09-06 08:44:00,
65977388-14e8-407b-af53-8e96895bee09,52765d27-d3a1-44fa-9fde-0121a017ab9f,ea9c880d-bdf9-4523-9a2f-b3ba081ab7b7,clicked,2024-03-27 22:56:00,https://example.com/unsubscribe|https://store.example.com/product/123
1fefae12-5b7f-43aa-9bf2-7a837737a682,4d69bb3b-e8f4-4bb9-83bb-6e1c577b817f,4600f15d-8356-434f-85c4-04aa016f6d83,unsubscribed,2024-06-30 17:30:00,
070fc2ec-75d9-4c29-9031-64053892f7b0,e45f9986-1f6c-4665-91b1-fa0f7b360198,e20e5050-e528-48b5-8825-b991883d1dd4,opened,2022-06-29 21:00:00,
bfebc2db-64cf-4bd6-908c-88345fcb3184,08f42cb4-2a4a-460a-96ec-b3d12ff6fd38,949383bc-3be3-41a2-b9e8-7d698e710162,unsubscribed,2021-09-21 06:39:00,
46ba0541-7eb8-420d-bcfb-610c51c149e7,163927a4-7155-4b7a-a093-e6aa2cd310e0,02dfeb07-07fa-4158-989c-5aa306cbe968,clicked,2023-08-15 10:15:00,https://store.example.com/product/123
10471056-f497-4395-aa4f-f2b12d2d340b,c7a54fd2-c7ba-4646-b38a-3579b592bc36,ea9c880d-bdf9-4523-9a2f-b3ba081ab7b7,clicked,2024-03-26 20:41:00,https://partners.example.com/offer|https://example.com/unsubscribe|https://store.example.com/product/123
4d704caf-e96b-4104-baed-f66f305b76bc,c76b9bde-be47-49d0-987b-a79d629a1a67,9dcca365-01e6-4b99-9cc1-9ac93daafc73,unsubscribed,2023-07-29 11:38:00,
b596a38e-278a-4017-80bc-8975abf38bd3,33ed1172-23f5-4d19-815a-82a2dcf393b7,f92c0933-6e77-49c5-8be0-3477dd67d716,unsubscribed,2024-06-09 07:53:00,
e10e6bc4-d668-43bd-8189-22b2f2835560,26f27c8f-148e-4f2f-83ec-7d3e514a9960,9c03c142-4c94-48ad-a22f-338e6ae4cc92,bounced,2022-04-04 19:25:00,
bb1429e7-a429-4409-a04e-e0481b0ef45e,830ed060-429d-4c8a-a6ac-fd56d90b0a99,02dfeb07-07fa-4158-989c-5aa306cbe968,unsubscribed,2023-08-09 02:04:00,
3bc2c2f7-c6c4-415c-8a4e-7e7e37a0ff91,fdd25d43-0183-4e81-9950-457593bac3ef,fbec63d5-449b-4072-998d-6f5458054093,bounced,2024-11-28 14:06:00,
d8398217-4148-45c5-b857-e3de7ac42a56,e4d73118-3eee-43a1-926d-e4d9d22f7d19,c7923325-ee7c-4ae6-97be-0197325f8ac1,clicked,2025-02-05 09:16:00,https://www.example.com/pricing
1fd38f50-fe30-4af2-ae99-a2fac5bcf649,568688ce-5ddd-4d86-bc8c-80fe69184e6c,fbec63d5-449b-4072-998d-6f5458054093,opened,2024-11-28 23:12:00,
2c8f09f9-a5d3-455d-a0e2-d469b3d132ff,c7dea0dc-b013-4343-9f7d-8c53a770d46c,858d5ecd-3559-4284-8c17-a19f7b9fa0a4,opened,2022-11-28 16:52:00,
0085f412-de5f-4bb2-8f16-3797fd7af391,9d5b45be-144c-4934-bbec-26cfb3c3d385,7f5475c0-fca5-419f-8d8d-981b8d150e44,bounced,2024-07-04 17:01:00,
22c1b347-d553-4d38-b1ea-5bb90276b7ba,80c0b3f6-95d9-41f1-87d4-6fd71f37e50f,632eeb71-c107-49b9-a4fb-ddaba3c1feab,opened,2021-07-14 05:54:00,
a9af5fec-bcac-4727-a349-b55557adea4f,24f4a1a2-0e04-4596-b365-4c792dc6315f,e7f522cb-43b1-4e59-ae96-27686ec36b36,clicked,2023-07-23 15:50:00,https://www.example.com/pricing|https://example.com/newsletter/archive
87b7b5b9-0f66-4f64-aafa-830c9482cd59,7047c726-606c-46e8-9f9b-59a9f1f3e290,2fb9ec57-4113-4828-a7ad-31cae8679af3,bounced,2022-09-26 14:41:00,
e3d878de-292c-493e-9772-85cb02b31683,59255526-45ca-4855-9d65-c9e5225412fb,a11c4a3b-cf41-4e50-bd80-566703f45244,unsubscribed,2023-09-05 11:37:00,
cc07ebae-c7a9-457c-92d6-27ef74b295e7,cade930e-8b56-44aa-8e50-4489c2acb0b9,bedc1758-fc77-4469-b3a5-40f18b92d05b,clicked,2022-09-19 12:37:00,https://store.example.com/product/123|https://example.com/preferences|https://example.com/unsubscribe
f0cc2077-e0bc-450f-b661-7ed5a50ed7d8,f53088a3-f773-4346-8a1b-9466edf29db6,b7c0f72e-3b4c-4d71-a963-a5349f253612,opened,2023-12-03 01:55:00,
009e517f-35bd-4fe7-b073-3dca6041864d,90d3766d-6e15-47ef-bb43-c64dc79ef595,1fe0634b-9e12-40a8-9103-aee98a311a2a,unsubscribed,2024-04-05 21:54:00,
0c92854b-c7f3-4f0c-9d21-69876073a60e,c963fd89-6044-4108-9fbd-10e58247b865,8396eed5-8f7c-46d1-8807-b3c8ffb0aeb8,unsubscribed,2023-03-20 00:28:00,
c00dc374-de19-491b-9d64-8b88383da7dd,4a03ee33-e7cf-46af-9fef-95f65cc8a00a,1dd8e335-d4a7-414b-b021-fec4da4e1bae,bounced,2025-01-17 05:56:00,
11fb03e2-b6b2-4ed5-b932-44ab954b209d,36ffa8d5-8495-45f4-bf9c-81e8bdd907ed,c01df22a-2bbb-4281-912a-1e4e0931e934,unsubscribed,2024-06-01 14:18:00,
f93047de-4d22-4d39-9d19-63530e5ede0a,89de52a1-50c5-495b-a4ec-245e07bec7df,79088b85-0bb3-4ddd-8d38-a68556cedc45,bounced,2022-02-18 03:31:00,
842effe9-4d00-4693-a8ca-f3f163bddb27,58509a00-952e-46f8-9aa8-76bdbf412045,e3fc669a-06e3-4908-9800-aac01ba0aeb2,opened,2024-05-12 08:14:00,
3dd25ee4-a6dd-4a9c-a41f-0106c1d4dbd7,2de835c9-e401-485a-906e-882c7c448d16,fbec63d5-449b-4072-998d-6f5458054093,unsubscribed,2024-11-28 05:51:00,
5495fa4f-1738-4be3-ae89-63d8df3408b5,c76b9bde-be47-49d0-987b-a79d629a1a67,4600f15d-8356-434f-85c4-04aa016f6d83,opened,2024-07-01 21:15:00,
af6cb963-236d-4a82-b145-24820fa1574c,dcde6e1e-bc73-4ae1-ba40-935db2e4ab34,62d95981-3964-4ae1-b03c-92cad09e5cb0,clicked,2021-02-14 05:16:00,https://example.com/preferences|https://partners.example.com/offer
8522d080-97de-445f-bbf9-6333b5d65766,59255526-45ca-4855-9d65-c9e5225412fb,fe256213-c0a6-412c-ab0d-1859e264fa94,bounced,2022-11-09 14:24:00,
05fda5c0-9c10-4784-bba6-a5deae01d0f7,59b67228-207e-4e08-adf6-f4470a82d4af,c01df22a-2bbb-4281-912a-1e4e0931e934,opened,2024-06-01 14:33:00,
cdccb820-b0a3-4ead-baab-7fb87102e70b,4ef29b7e-0b57-4110-b438-064a52e1b66e,897a78af-400f-4f75-bbd0-b57bdf376c33,unsubscribed,2022-03-30 05:36:00,
f01df571-bc21-4f2a-9192-4e6939403485,c7bc603b-7e5d-491b-bd42-d23bc9e94d83,6d02bbc2-cac6-4ec0-9192-3ef62476d4eb,opened,2024-12-03 08:06:00,
309623f6-f11a-4c89-9bee-9f9f908b9b42,431f0b95-4dee-4c9e-a6b3-857d18770cca,fa1085f8-e347-4f96-8942-100f755b1e77,opened,2021-01-13 06:32:00,
0fa8c11f-6f22-4f0d-b23d-e1196e7e7a2c,9d9c78db-aba1-429c-9d20-0716c94dfc3b,9b1a7e57-34fd-4a3b-b5ae-ee23bfef218a,bounced,2021-11-01 12:14:00,
f67c2c6f-c2cb-4952-ab38-1a3578966198,e69f2509-7154-4ec9-8014-73f53ded1e14,c7923325-ee7c-4ae6-97be-0197325f8ac1,clicked,2025-02-04 05:50:00,https://store.example.com/product/123|https://example.com/whitepaper-download|https://example.com/newsletter/archive
513d556e-6860-45a8-b2f5-3c766edf0471,ddf51bb3-575e-49e8-9bb4-72e956456e78,199db0ab-a976-4e08-bb8f-8c5a4aa4a884,clicked,2024-04-02 01:26:00,https://blog.example.com/article1|https://example.com/preferences
5ce93093-67a5-4a59-8274-027cdc153331,b6d4f513-7e90-4823-b60c-8cb1736f9fa5,512cf8ed-e29c-475d-94ca-a1c9a091b767,unsubscribed,2023-06-19 19:08:00,
9d6dce5c-abee-4ffd-a427-902a87f0fc16,4a09a593-6217-4364-9098-534109628c62,4600f15d-8356-434f-85c4-04aa016f6d83,opened,2024-07-05 18:45:00,
935391ba-b02f-48e6-b545-50c6040aaece,ab211222-b614-4d8d-8c65-248af1c38962,9bb4d2f9-f881-4da9-8597-8e3896517876,unsubscribed,2021-10-09 10:52:00,
ab610a6d-5555-4af0-9ab9-bc59c828c30f,a73fee13-449f-45cb-8b21-6267303dd262,98d63e85-2158-43bb-988a-bd933291bea5,bounced,2023-02-20 01:02:00,
95d78261-5f84-42bf-990b-5b8ce2c5e0fe,ea5e8b3b-83c6-47cb-b071-a0cd64ab01dc,6e158ecf-7c2e-4665-a0a6-9f98bf4b2636,opened,2024-05-27 17:20:00,
22abd525-b99e-464b-b463-c996cd5cb8dc,ef3caefe-df74-491b-9d9e-fab697a84e9d,1d3d1396-9fba-4917-a1bf-ba39c830264d,unsubscribed,2023-06-14 23:39:00,
941953af-7a2e-48e9-b507-5c7174f59ddf,fdd25d43-0183-4e81-9950-457593bac3ef,e69b44a6-b11a-4346-a183-7918e6a6d723,unsubscribed,2023-12-13 15:03:00,
1974b66f-5aa5-4c4c-97d9-2c8dede57ae1,4dc7a89a-d27b-486d-897b-b24b688abbec,724651a2-b52e-4cd5-8c8d-e157a4d4d65e,opened,2020-07-03 07:01:00,
c4115cc3-f8f0-4859-9c25-03341bf80b12,28b349d8-ca81-444a-9f83-8094ae2124db,e7f522cb-43b1-4e59-ae96-27686ec36b36,unsubscribed,2023-07-26 18:43:00,
0420ff86-cf29-4b0c-a271-4d0a5502f756,a09adfe6-8650-4e04-8329-e2655db4e5cc,f92c0933-6e77-49c5-8be0-3477dd67d716,clicked,2024-06-13 22:23:00,https://example.com/whitepaper-download|https://example.com/preferences|https://blog.example.com/article1
ad0efa59-e11d-4bc1-88d4-87f0f18b8b61,7e181b95-8ff6-467b-b25d-a7214910f491,4600f15d-8356-434f-85c4-04aa016f6d83,bounced,2024-07-02 16:42:00,
f17655d4-b1ae-46cf-bf04-fabc3dc1308a,9ad67a61-8a1a-41c6-a914-b6e01ae4b0e1,70f10419-564c-4eaf-9817-2b4934bd0207,opened,2022-04-28 02:58:00,
0cae41ca-a953-4602-8817-4d917ef1def0,8c079efe-2d86-44da-acf2-26fec268c1d7,06029271-7933-4a6e-aeae-04d972521fe5,opened,2024-06-14 19:34:00,
0ef8543c-20fd-458d-87f2-79497de28c83,2a2562fc-b96f-46d4-b793-340e590c325a,7b108c20-ca6a-4008-90d6-6e17c3523f52,bounced,2024-10-21 18:00:00,
253e34fb-3b82-42ad-b38e-a418f49e0a8c,97a7e58b-93ee-42dc-8ee4-c577ff6fb11a,c01df22a-2bbb-4281-912a-1e4e0931e934,bounced,2024-06-05 11:21:00,
5be50c4b-ffe1-4074-82ad-9d862e081714,5002e5fc-fd0b-44fa-be29-76b835ab960d,03bdd7ed-dc91-49d2-8f73-99f41ceacc7e,clicked,2023-12-06 20:10:00,https://www.example.com/pricing|https://example.com/unsubscribe|https://partners.example.com/offer
425dd023-dbdc-4bdb-b98b-dd46ccb80b39,9ee3b5e6-0900-4c53-bee3-cecda334bacd,112d5adb-7854-44c5-b731-d05898c88a7a,bounced,2022-10-11 17:19:00,
7dcc5291-2ca9-46ce-8e4b-0386d68da8ca,e95f0fb3-995f-440c-8718-4df10d638303,931864d9-d800-47da-bd01-527979a86c36,opened,2025-01-03 01:23:00,
ddf7da5a-e3d4-491e-ab59-027fc3ab7375,4d69bb3b-e8f4-4bb9-83bb-6e1c577b817f,57de3cb2-84ef-4495-bfaa-5b651c90d4d4,clicked,2023-12-31 00:04:00,https://blog.example.com/article1
d6f9933b-c0df-4990-afc7-32bae56c66f9,e375bde5-d7fd-42a6-af14-ec75e1f7b92d,e99ff56b-e80d-4e24-a2d8-b75549621fea,unsubscribed,2024-11-27 12:58:00,
ae97ab32-c083-4914-82b7-c0a71e42d080,52765d27-d3a1-44fa-9fde-0121a017ab9f,1dd8e335-d4a7-414b-b021-fec4da4e1bae,bounced,2025-01-22 10:05:00,
ca385370-9f6e-43f0-a44a-03c07198d200,6a58b8c8-12e6-4d63-b12c-93d8026cd481,d746fca7-cdf1-40f3-ba37-8bc4ba775587,bounced,2025-01-18 15:36:00,
500bc6f0-2632-4774-9910-a7258ceb627c,7e0b1205-00db-4830-96a8-3b55c9616b91,e9b29118-390a-45a0-8020-ceafb21eb245,unsubscribed,2025-01-22 20:00:00,
43f488e3-2bd1-45d6-af3c-8b7c3702a8a6,c0c8d9b4-5811-423c-89c0-eccf20278083,460817b9-1dfd-4f04-b7fb-f28f15ef5e34,bounced,2022-11-06 23:36:00,
fba330f5-c615-4fda-a30a-71c23a70a0f9,863b45c6-b379-4c46-9427-6110bbdcddc4,c7923325-ee7c-4ae6-97be-0197325f8ac1,clicked,2025-02-03 06:40:00,https://example.com/preferences|https://example.com/unsubscribe
31fba59d-c395-48ef-870d-40b7ea908056,20a66d8a-3783-478e-a9d7-79b47af6476b,48f10d30-e6a7-4d60-a996-7fec58f1bfc5,opened,2021-04-24 05:21:00,
b31c65f5-b63c-4a2e-8561-bc145b6930b3,e4b1d81f-20c2-4af4-8cd0-a950e0fa074d,163e4f37-c7c2-4bd1-9b17-d99b933b3574,bounced,2023-01-19 17:40:00,
16df9624-0e57-46b6-be81-e9c571f741d0,6c0d0da9-fd3e-4a3f-975c-2670b43b9b26,fbec63d5-449b-4072-998d-6f5458054093,clicked,2024-12-04 15:27:00,https://partners.example.com/offer|https://example.com/whitepaper-download|https://store.example.com/product/123
95bd3a69-dc46-41ff-b474-9baa30ca9c07,e649b60e-61eb-4606-8719-aeb738816515,ddba2b26-43e7-4bbf-b743-b701b9f98c14,clicked,2023-07-04 22:58:00,https://blog.example.com/article1
5f73f88f-dc52-451f-96ba-c65ca38f3664,9aabaeb9-21dc-4221-8901-1a5f647c6df1,3481a57d-0e4d-4952-9035-7f0f847d6e53,opened,2024-06-28 04:53:00,
5f0d663b-dc6e-4a5f-8c68-36b8ba4d10c7,dc7d21a7-7613-42d0-915f-d3df8a863c9f,caffae89-e1ac-40a9-abaf-1fec1cf891e6,opened,2022-01-23 06:50:00,
552c5db0-f001-4562-9434-a46824fcdd82,c3878847-48cc-46d0-af2d-82a95c4c16b5,7a50e1f5-d024-4c95-9b4d-860885b4975c,opened,2023-07-17 07:30:00,
356aaf2d-0b32-4e16-8618-6b0f739fe994,7538a961-7721-434b-a298-d484fbb9cdf0,cca3e62d-687d-4548-93f2-09dd3c1aa24e,clicked,2023-07-09 13:55:00,https://example.com/preferences|https://example.com/newsletter/archive
484e5815-43d7-41f1-b4ec-f893c805d3d9,fc55337c-a946-462d-a32d-b285f44e6e7f,63fa474d-1a85-41f8-afa6-5a13ba46554e,unsubscribed,2023-05-04 10:32:00,
82053461-563b-4bdf-a7af-fc1f1523d621,ba0817ae-3d44-4bab-a16e-8c39896fa289,a6e0a497-d66b-42a4-840d-ea40c5409aa7,unsubscribed,2023-06-07 06:53:00,
18021278-6ab1-4aac-8ea5-7fdf8bb2b39a,de8145ee-bf42-49fe-9536-048af0ead270,7f5475c0-fca5-419f-8d8d-981b8d150e44,unsubscribed,2024-07-01 19:51:00,
5b5a7537-b0d9-4f5f-b8b7-fa127757a664,417a9ca6-6b5c-4ada-9b46-ecdd932111c5,6d02bbc2-cac6-4ec0-9192-3ef62476d4eb,opened,2024-12-07 03:52:00,
07dc9a92-1e31-40d9-b067-100123c6c319,04b4af04-fa45-4597-a3e3-a64ec6573fa5,cca3e62d-687d-4548-93f2-09dd3c1aa24e,unsubscribed,2023-07-09 18:15:00,
d42fa81f-292f-4238-9cff-856d8ea84f22,103b7cf8-181f-4646-9e8a-5e93180fbff1,9b1a7e57-34fd-4a3b-b5ae-ee23bfef218a,unsubscribed,2021-11-03 15:55:00,
f64b8123-d0d1-44db-ad54-cfa8a86a5e0d,01dcb21c-5099-4076-8d45-26a349f5fddb,b7fe4e66-f679-4eec-ad76-fc69c504dbbc,bounced,2025-01-12 15:54:00,
a94d8b75-2a28-4299-8f48-fc6641489e75,88128aa5-7e34-4e7c-b381-cdaf0ea24e67,63fa474d-1a85-41f8-afa6-5a13ba46554e,unsubscribed,2023-05-03 07:10:00,
894ef689-3b4c-47a9-b828-8c586b3c0295,262fd59f-ed4e-4e67-a7cf-67bd33322805,d746fca7-cdf1-40f3-ba37-8bc4ba775587,unsubscribed,2025-01-20 07:35:00,
f74db6fe-1ad7-4022-afa6-c198a295bd4f,7047c726-606c-46e8-9f9b-59a9f1f3e290,d746fca7-cdf1-40f3-ba37-8bc4ba775587,opened,2025-01-20 01:31:00,
77fbe3c8-9c61-4ab5-87d2-6dbc7406116d,d141f3fd-fe31-41da-bc51-a4fe94ec2ea0,422b08a5-3849-4d30-9131-901ab31a505b,opened,2024-07-16 06:41:00,
ee463e79-561b-4ef7-9697-38b215e51c7d,fac1844a-a396-439c-99ac-2671a9444a72,e2b41cb2-fe7c-4f54-90d1-999be9a65708,opened,2024-05-19 00:46:00,
dc5da046-7be0-4481-9998-1573590bc166,da5fb507-4c57-458a-a92d-e0140a938fe8,cd90e2fa-9e40-4f5a-88e2-98a84f2ac7c4,opened,2022-07-08 21:54:00,
683df4ba-829d-4ca0-aae5-dc8861f95e66,7bf3f422-14e1-401a-b615-0b1215fbad86,7f5475c0-fca5-419f-8d8d-981b8d150e44,bounced,2024-07-02 17:08:00,
ecefa92e-8f48-44a4-9c1e-3e7f497f093d,afc2e2ae-77e3-4897-b324-1fe9d1fa6f97,bbdca000-1335-4bbc-9d83-51ce4a138e92,bounced,2024-12-11 00:19:00,
43644f4d-3135-4f84-88d6-25ade63abc82,090b7b3c-196e-49e3-a2bf-f99eb28aa26c,de4ccc3d-44c5-457e-ab96-7fca35a86c2d,opened,2025-02-04 23:35:00,
f3b15898-278c-41c0-ab75-e6fc546d0842,15ddb946-eddb-47e6-9171-95747278ee66,06029271-7933-4a6e-aeae-04d972521fe5,bounced,2024-06-14 21:26:00,
8b8555c8-e2ae-4537-8695-78d7e28480f3,6a1cd018-1311-42be-b960-c01456785877,6d02bbc2-cac6-4ec0-9192-3ef62476d4eb,bounced,2024-12-06 12:44:00,
7b51ebf9-bbfd-4c4f-b1c8-d8164b3ea963,3b37c5c0-c8e3-4428-b3fe-8cbee5bd8f8f,d746fca7-cdf1-40f3-ba37-8bc4ba775587,opened,2025-01-17 11:56:00,
7dba3ff2-76a9-49b8-8835-a27ae8dd9712,e4d73118-3eee-43a1-926d-e4d9d22f7d19,6e158ecf-7c2e-4665-a0a6-9f98bf4b2636,unsubscribed,2024-05-30 06:23:00,
9edbc57c-f943-416f-a327-d6f921f8aacf,bd25b8f6-0e00-4c80-8c47-f81a3757c079,b7fe4e66-f679-4eec-ad76-fc69c504dbbc,bounced,2025-01-09 12:03:00,
73354550-6b57-46b7-ad58-57b58504efe0,ac59ce1e-4b42-4afa-a94e-1ab8c0a234c9,caffae89-e1ac-40a9-abaf-1fec1cf891e6,bounced,2022-01-27 17:04:00,
bbecc545-7d75-41ee-ba2e-191025b6367b,6a1cd018-1311-42be-b960-c01456785877,26e463d4-f71e-437b-8cd7-515b9c8dc2c5,opened,2024-11-13 21:45:00,
3c88e31b-eb1c-4bec-8852-28acc9e49c2f,899d157a-31af-445e-9477-471d6aef2928,fa95bb97-143c-487b-bec2-1f11c9570f11,bounced,2022-11-08 04:52:00,
54a0b9fd-05d9-46d6-90d1-07452c1a5436,cb0443e8-14bc-42d5-b0b8-1a659490741d,27065368-5c31-4e53-86b5-5b6ebc42f019,bounced,2023-03-26 00:54:00,
414bc8ee-c51a-42e4-baec-e002a42527cd,97718a46-2791-4f3c-a834-b2f2261ddbd8,0bab4270-d94e-476d-a15f-31ac071c5b40,unsubscribed,2021-06-20 19:20:00,
2c6347fe-91ed-428c-9b2a-7c9c8c57c38e,e9cb7b8b-c1d7-4346-a7cd-5d860e24e1af,e9b29118-390a-45a0-8020-ceafb21eb245,unsubscribed,2025-01-19 04:37:00,
4ad9c166-77e6-4eb9-90b8-6e055c6216ec,f3e7ed63-a987-4828-9f44-0253eeb09d93,79088b85-0bb3-4ddd-8d38-a68556cedc45,bounced,2022-02-15 08:35:00,
958e6623-1803-4d97-983a-f914a5c6d3ff,82ea25cc-468d-4133-95a1-a6be631b487a,1dd8e335-d4a7-414b-b021-fec4da4e1bae,clicked,2025-01-17 22:53:00,https://store.example.com/product/123|https://example.com/newsletter/archive
6427a5d8-8165-4e9e-8637-1560fad97422,26bdb8b5-b3f6-4595-878b-b716beeb326e,98a60e3d-94fe-46b5-8c32-fdeb98b49b68,unsubscribed,2023-09-01 15:55:00,
e953d6c6-f552-4992-bc7b-429e7cb5bb01,bf0c6793-096a-4c88-9a0c-0d6552e99ae4,0bab4270-d94e-476d-a15f-31ac071c5b40,unsubscribed,2021-06-19 16:46:00,
0d006907-aeaa-47af-8cb0-e69e0b9f7a1b,c5d27f2c-9d7d-4a39-94cf-52711da6cde2,1dd8e335-d4a7-414b-b021-fec4da4e1bae,opened,2025-01-19 16:49:00,
b6236f8c-229f-4b5e-a6b9-eaa3bd69aebe,d141f3fd-fe31-41da-bc51-a4fe94ec2ea0,65b91d44-a21c-4834-aa28-522be9354c3d,unsubscribed,2023-08-07 12:17:00,
39c487f4-58d7-4247-b936-0bf11f85e149,0b14802b-c317-416d-82e6-51c7f99aefe4,005314b5-2edc-4222-82e5-9b0adb4663b3,unsubscribed,2023-07-20 09:20:00,
283b6fc3-11d8-4185-9cbc-631d7bd182f5,7d52a70d-c9c3-4aca-9d37-aaeece1557f7,f87d0de0-0618-4843-8e0b-7af69240a86f,clicked,2024-05-07 16:12:00,https://blog.example.com/article1|https://www.example.com/pricing
cde9d7bd-7959-4e22-b6ff-9c733b016fec,914001c1-156a-4af2-a927-48fb798ffd79,112d5adb-7854-44c5-b731-d05898c88a7a,opened,2022-10-09 03:05:00,
1877fab3-7a77-452c-b665-2eeadee9d850,0b9e29af-d298-4e5f-8f5a-9a756c086d88,ea9c880d-bdf9-4523-9a2f-b3ba081ab7b7,bounced,2024-03-27 04:31:00,
f6404ec5-147a-46f1-9f21-7ce4c744d006,20a20baa-bdc8-49b2-ac29-3509dc2bc883,b7c0f72e-3b4c-4d71-a963-a5349f253612,bounced,2023-12-01 20:18:00,
2a6cb837-6b23-4ddf-8a2a-d2a9f1a1a5e8,5f829de2-a75a-475b-b584-180e63be7762,d0d5af8b-aadf-497d-81ca-ee9f21cef2a4,opened,2023-08-17 17:41:00,
c5d68c89-5d15-4702-81ad-705d0073541a,7a4cf824-11db-478e-8f36-15a5b2345d3a,e2b41cb2-fe7c-4f54-90d1-999be9a65708,opened,2024-05-15 12:42:00,
49d59724-b0ea-43bf-aefa-cd94bb51598f,de8145ee-bf42-49fe-9536-048af0ead270,1dd8e335-d4a7-414b-b021-fec4da4e1bae,unsubscribed,2025-01-20 17:32:00,
4cddd4e5-2c48-4fc0-9e33-5364dfb85655,e95f0fb3-995f-440c-8718-4df10d638303,03bdd7ed-dc91-49d2-8f73-99f41ceacc7e,unsubscribed,2023-12-07 20:11:00,
3d22e08f-fd2c-47b3-aae7-163533ff9a76,a1e4c243-0459-4d53-be0c-ac412c3faac5,199db0ab-a976-4e08-bb8f-8c5a4aa4a884,bounced,2024-04-03 23:27:00,
2857ace5-a5ee-4e60-a34d-98d04b4adead,77bd72d6-3b7d-4e0b-bf28-9fbcae11da2a,f92c0933-6e77-49c5-8be0-3477dd67d716,unsubscribed,2024-06-09 11:25:00,
2a404487-9910-4885-bbc3-62a7bac096e3,af469702-a799-4d3b-8532-e22bd4d640fb,57de3cb2-84ef-4495-bfaa-5b651c90d4d4,clicked,2023-12-28 10:26:00,https://example.com/unsubscribe|https://www.example.com/pricing
e6d42527-4665-4ef6-a726-9bb118d61309,01ff4176-2748-470f-8b0a-14639bdb4be1,8c3007bc-f876-442d-b635-f60e2a8ca4f1,unsubscribed,2023-04-30 01:12:00,
a3d80726-a7fb-4fe9-bc46-04405ec0464d,59b67228-207e-4e08-adf6-f4470a82d4af,4663d84c-83a0-4d7a-be6d-b21c0c3d410c,bounced,2023-10-26 00:08:00,
61a68d25-41bd-40f5-b1b1-337defd649be,5874a313-6c82-4e7a-beb9-776af97eb06c,e6d3a032-45b2-4fb9-9d8a-b1f500729376,opened,2022-03-16 21:12:00,
a65aa70f-7c45-4dc3-87b1-f5a168cf941f,e8b283dd-828b-4499-bc96-aeb691cf4add,65b91d44-a21c-4834-aa28-522be9354c3d,clicked,2023-08-05 03:41:00,https://example.com/preferences|https://example.com/whitepaper-download
5c9566ff-3507-4e19-a1c0-664080de474f,ea9c4558-36f0-4ca9-9d43-9b35097bfa6b,6d02bbc2-cac6-4ec0-9192-3ef62476d4eb,clicked,2024-12-03 15:33:00,https://www.example.com/pricing
840d418f-aefb-4d87-936a-203588fdd964,468298e0-717c-4bc5-b024-a1a5c8bdf274,d746fca7-cdf1-40f3-ba37-8bc4ba775587,clicked,2025-01-18 15:23:00,https://example.com/preferences|https://www.example.com/pricing
86d050f6-f088-434d-a5c0-7b2454ec2a34,062f973b-ebfa-4cd7-8aff-0482f5f28337,71c75a2c-20f3-4846-b3a4-f6c862d08427,unsubscribed,2023-02-08 20:27:00,
029b14ce-09e1-4536-a9f0-ac5ccf94f983,d141f3fd-fe31-41da-bc51-a4fe94ec2ea0,811860a8-a696-48e2-8f42-0ef03328753b,bounced,2021-12-30 21:28:00,
dda0b516-8515-4299-b390-0ae11cae99ef,e6e26344-523f-4f62-b366-198b3d125288,b713cef5-91f1-4fbb-9023-7da5d64de236,bounced,2023-09-06 15:04:00,
c076d37e-b42d-4d03-9338-842221b191ce,fac1844a-a396-439c-99ac-2671a9444a72,d746fca7-cdf1-40f3-ba37-8bc4ba775587,opened,2025-01-22 22:35:00,
e5c140b5-b437-4a9a-ac60-85093a6d350e,36205f61-5c0e-4529-aafb-e134eab6b5db,8c3007bc-f876-442d-b635-f60e2a8ca4f1,unsubscribed,2023-04-29 06:38:00,
541991b4-5bdc-4102-86a8-afb18c13a474,209b951d-a0bb-47b2-ac89-8e77afefbc9a,e99ff56b-e80d-4e24-a2d8-b75549621fea,bounced,2024-11-27 21:15:00,
1d1a7f75-f459-49d6-b1b0-766248a8c4a5,f12491b3-4e40-4409-8b6f-608d3bb9d621,e3fc669a-06e3-4908-9800-aac01ba0aeb2,clicked,2024-05-12 18:11:00,https://example.com/unsubscribe|https://www.example.com/pricing
7f8a750b-25c4-4c91-ad88-5d5f62ca86b7,fac1844a-a396-439c-99ac-2671a9444a72,ea9c880d-bdf9-4523-9a2f-b3ba081ab7b7,unsubscribed,2024-03-24 14:18:00,
9ed36839-46ce-4e5c-bb22-c0702926db6e,525f855e-a83d-4fad-bcf1-7408eefbbd14,65b91d44-a21c-4834-aa28-522be9354c3d,clicked,2023-08-08 09:31:00,https://example.com/whitepaper-download|https://example.com/unsubscribe
bc38a822-89f3-4f88-bc6e-d30f9d30ec68,652d2dae-99f3-4501-bdf8-712a971d818e,26e463d4-f71e-437b-8cd7-515b9c8dc2c5,bounced,2024-11-14 01:11:00,
399cf9b7-9648-43c0-b219-fafb785df544,c4609718-da7d-40f2-b195-7558514e6846,9ffd4aec-90d8-45f9-b6ba-db0b8f660adf,unsubscribed,2025-01-01 16:16:00,
e8e069bb-332a-4a3b-af6f-1ae543ce41d0,452ed5cc-b190-4b2e-b7c1-0245a2dd9258,8c3007bc-f876-442d-b635-f60e2a8ca4f1,unsubscribed,2023-04-27 21:14:00,
59bdad5b-50bd-4653-b27c-d4e7aba0b8aa,97718a46-2791-4f3c-a834-b2f2261ddbd8,c01df22a-2bbb-4281-912a-1e4e0931e934,clicked,2024-06-05 05:48:00,https://partners.example.com/offer|https://example.com/newsletter/archive|https://example.com/unsubscribe
28c7d32d-eee5-408c-babb-d10e943bf89e,9f47b241-4e7b-453f-97cd-cffcde527078,931864d9-d800-47da-bd01-527979a86c36,clicked,2025-01-08 02:35:00,https://example.com/newsletter/archive|https://example.com/whitepaper-download
defd5f6b-9631-4660-a50f-fc7072c6eb9f,1c346fe3-2579-48ce-ab3a-c0ff52717b86,65b91d44-a21c-4834-aa28-522be9354c3d,opened,2023-08-07 10:02:00,
cb09f954-e515-4b95-be3e-e01853bc5b90,54d27759-f747-4654-a193-f0fe3e5264d3,f92c0933-6e77-49c5-8be0-3477dd67d716,bounced,2024-06-09 21:12:00,
212cfb79-a1a3-4f8d-84b7-8ccae7afc453,1f1c088c-43a2-4253-a317-80da0f00a359,f87d0de0-0618-4843-8e0b-7af69240a86f,opened,2024-05-04 19:56:00,
ab440ffa-66ce-4597-9dc3-0a15716d34e4,4039378e-b715-4b67-ba5d-f32ce0e7d3c3,de4ccc3d-44c5-457e-ab96-7fca35a86c2d,clicked,2025-02-07 11:52:00,https://example.com/newsletter/archive
3442992b-ea5f-43b6-aaef-b9e1e92c1e1e,209b951d-a0bb-47b2-ac89-8e77afefbc9a,e2b41cb2-fe7c-4f54-90d1-999be9a65708,opened,2024-05-20 13:23:00,
f439435a-332b-4e34-9c07-4d46b2e730a7,3928886c-4952-4650-9609-0bc792fda384,20fc0600-b63f-4608-a563-967a8527b9c8,unsubscribed,2023-07-22 00:17:00,
cdf3c869-efa7-402b-a25b-94a5ae771d0a,c48d9ec8-9395-4b15-b723-64e499db8db2,c01df22a-2bbb-4281-912a-1e4e0931e934,clicked,2024-06-06 04:07:00,https://example.com/preferences
b105b930-dd99-4d9e-8129-f4119cc7dcfd,5ac842cc-ff1b-446a-b015-f6f8fbfb3f2e,8c3007bc-f876-442d-b635-f60e2a8ca4f1,clicked,2023-04-25 23:01:00,https://blog.example.com/article1
e0f5d104-ad4c-48a5-92bb-4c6132af3238,c3abe8e1-5a48-484b-91d6-51aafd16719c,858d5ecd-3559-4284-8c17-a19f7b9fa0a4,clicked,2022-11-26 02:45:00,https://example.com/unsubscribe|https://www.example.com/pricing
ad1f9126-15bc-4ddd-b569-9ba44e2a120e,f82da9b1-7f26-4fb5-b21a-d02cfa371762,e99ff56b-e80d-4e24-a2d8-b75549621fea,unsubscribed,2024-11-29 05:37:00,
a6c7e91f-31cb-4c2a-aff8-d74f843d9c6e,b95d010d-1df3-42a2-9c66-7e6eb128fa42,27065368-5c31-4e53-86b5-5b6ebc42f019,bounced,2023-03-28 23:40:00,
d9b80dc0-4141-40e4-95f9-6a72516f3fb7,fdd25d43-0183-4e81-9950-457593bac3ef,b7fe4e66-f679-4eec-ad76-fc69c504dbbc,unsubscribed,2025-01-12 19:14:00,
3e63957c-7a40-4e00-aa78-dc86dbd4b2c1,111e3e98-6e6b-4516-b8e6-dd4484f0186d,4785e9a2-b5f4-45d8-95a6-3266960ad816,bounced,2022-12-26 20:38:00,
fb3e1924-a98c-4028-8dda-4084d762d725,66086217-5420-456f-aafe-bb1dcb3b4ce0,460817b9-1dfd-4f04-b7fb-f28f15ef5e34,unsubscribed,2022-11-02 18:08:00,
15b968f0-0e92-4a63-a502-7a03ebac14c1,42efd9e2-1642-47dd-a9cb-b69d95da53ff,13c6f5c0-521f-4ed8-bf31-aa514970e1f7,clicked,2021-09-21 16:15:00,https://www.example.com/pricing|https://store.example.com/product/123
9fcc18bf-2623-4da8-9f70-4c0f66f2c55c,951fe395-00e7-45ea-a46b-ec8a08717d6d,6d02bbc2-cac6-4ec0-9192-3ef62476d4eb,opened,2024-12-07 03:20:00,
6356faa8-e112-42a0-949e-db0210a6f3ab,784173d1-45b8-4c2e-bd9b-3f45f9ceeb2a,27065368-5c31-4e53-86b5-5b6ebc42f019,bounced,2023-03-24 04:54:00,
7de42931-8102-4926-aa05-7c17ef964c04,d94065e7-0d97-4d05-b52c-3b9a296af3a2,bbdca000-1335-4bbc-9d83-51ce4a138e92,bounced,2024-12-11 00:22:00,
0e51e61f-d53e-4c29-82b9-15d5e47b703e,5df82937-a38e-4736-9bfa-60ad99cb0850,ea9c880d-bdf9-4523-9a2f-b3ba081ab7b7,opened,2024-03-30 17:56:00,
55f3a60a-8ee9-440a-a525-47b2a812ffe3,0d973f51-fc28-47c6-9a84-ba80b324adaa,d89f4379-928a-4320-8ace-3b8d175ae4cc,opened,2022-05-21 11:45:00,
6efa2fc1-82dd-4605-b017-68aeb12d1f7a,650de24f-7a31-4b05-9f5d-b2a8817df0b6,26e463d4-f71e-437b-8cd7-515b9c8dc2c5,opened,2024-11-14 17:21:00,
eade1c43-7b86-4251-a020-58f2544d0617,09b19e4a-7ba2-44d6-be8a-9adc352d2996,98a60e3d-94fe-46b5-8c32-fdeb98b49b68,unsubscribed,2023-09-01 11:14:00,
f6291579-0d18-4416-8236-3f585a511add,eecb72a3-b65e-4a55-8d17-e153a737c1ff,06029271-7933-4a6e-aeae-04d972521fe5,opened,2024-06-16 22:29:00,
dbccde72-bbed-4b88-a389-48da9606235b,bcf12831-8aff-4051-9cb4-40dbeb3c2f03,b7fe4e66-f679-4eec-ad76-fc69c504dbbc,clicked,2025-01-10 01:21:00,https://store.example.com/product/123|https://example.com/preferences
dd62cf58-47cf-4386-88d8-3c4584c23d80,29dc6df3-1e0a-4379-833b-13438fd960eb,1fe0634b-9e12-40a8-9103-aee98a311a2a,bounced,2024-04-02 22:44:00,
f2a13354-c383-4407-b658-f57c78e8af19,38c0dc90-d25d-4f98-b137-025231d7e1fc,9ffd4aec-90d8-45f9-b6ba-db0b8f660adf,opened,2025-01-03 04:39:00,
15db281b-978a-4a25-a3df-dd244ecc3cbb,59b67228-207e-4e08-adf6-f4470a82d4af,65b91d44-a21c-4834-aa28-522be9354c3d,clicked,2023-08-11 02:02:00,https://store.example.com/product/123
e52eb7ae-0c7d-41e7-86ce-c23ef5605d73,fd1265e7-cc20-465c-8f46-ada75c997c70,fbec63d5-449b-4072-998d-6f5458054093,bounced,2024-12-01 15:58:00,
7b3e8422-0fd5-4479-a96d-c98af4d2622b,aee738af-b780-4ec6-94e7-3c4f609135e3,90a7036d-b354-48d7-b47c-f178d09c8540,unsubscribed,2022-08-25 19:55:00,
212235e2-4866-4aba-b403-980c4b80d8fb,bc4c1707-1ab5-431b-9af1-9b59b9e5e306,96f7be9b-c119-46ed-b764-465dcd5f054d,clicked,2022-02-07 10:36:00,https://example.com/unsubscribe
0211c7ba-fc0f-46e5-aecf-75122fa93cd3,36205f61-5c0e-4529-aafb-e134eab6b5db,512cf8ed-e29c-475d-94ca-a1c9a091b767,bounced,2023-06-20 21:36:00,
dc6ec4a9-11de-456e-a23f-d0c16a0cb4aa,9a165453-ed82-4ffb-9245-c15ada6400b2,6e158ecf-7c2e-4665-a0a6-9f98bf4b2636,clicked,2024-05-25 21:04:00,https://example.com/preferences|https://www.example.com/pricing
2502523c-cb7c-4e9f-a3cb-4851fe6000d4,830ed060-429d-4c8a-a6ac-fd56d90b0a99,2fb9ec57-4113-4828-a7ad-31cae8679af3,unsubscribed,2022-09-27 15:08:00,
668b64f9-c2ff-4da7-9926-e4754d51f927,0be98bf8-26cd-4f9c-97e7-f7095a6f8381,d89f4379-928a-4320-8ace-3b8d175ae4cc,bounced,2022-05-23 15:51:00,
9068cb4c-5f7d-4f6e-a1fb-7967a79d8b06,51bc4c7e-9d67-43a8-8e6e-abd481bf6bf8,ddba2b26-43e7-4bbf-b743-b701b9f98c14,opened,2023-07-04 13:30:00,
e850a5d2-5b7a-472f-b3d3-e30efc06bfbe,f1b118f3-6113-4da6-b961-f8ad8d2ba70c,3481a57d-0e4d-4952-9035-7f0f847d6e53,bounced,2024-07-02 16:15:00,
3c18a67f-186f-4185-852b-deb07b126201,41bda46a-6f23-4084-896d-90d1618eab12,57de3cb2-84ef-4495-bfaa-5b651c90d4d4,unsubscribed,2023-12-30 13:47:00,
14c7c026-f089-43c8-bd02-8afd3ec5bb08,bff2c9ea-8484-4656-9516-03b35cccf690,70f10419-564c-4eaf-9817-2b4934bd0207,bounced,2022-04-24 18:47:00,
a0e4823d-04e3-4b80-9357-0179e5be5fea,271dd90c-fd33-47b0-960f-79ad65b3d003,e9b29118-390a-45a0-8020-ceafb21eb245,clicked,2025-01-19 00:03:00,https://partners.example.com/offer
755bef37-99eb-4a97-977d-090ad964ed41,4f7b129a-3d7a-4d1b-984a-132d8ca6c1a3,7fc29d11-af9b-43e6-bbcd-f34906341e8c,bounced,2023-07-16 07:52:00,
cca3e557-523a-447a-858b-6783402aded1,aee738af-b780-4ec6-94e7-3c4f609135e3,b7fe4e66-f679-4eec-ad76-fc69c504dbbc,unsubscribed,2025-01-07 03:26:00,
a4d528aa-c53e-43ee-91fa-5abbd68984b1,e95f0fb3-995f-440c-8718-4df10d638303,27065368-5c31-4e53-86b5-5b6ebc42f019,opened,2023-03-25 03:11:00,
23d7c99f-3a8c-484c-b870-b195d45eb251,dc7d21a7-7613-42d0-915f-d3df8a863c9f,20fc0600-b63f-4608-a563-967a8527b9c8,opened,2023-07-26 06:36:00,
5fa77e63-3cac-4fd2-b8c7-d7b1d3ee55d7,51bc4c7e-9d67-43a8-8e6e-abd481bf6bf8,9dcca365-01e6-4b99-9cc1-9ac93daafc73,opened,2023-07-25 01:26:00,
7167dbe9-b692-4aad-a53d-c3c0ad0f4aa7,8ac621c2-89c9-40a8-ab65-ee04fe6ad2b1,fbec63d5-449b-4072-998d-6f5458054093,unsubscribed,2024-12-01 06:33:00,
8f7276fb-d8d0-4d8e-bb34-9d8eb7e7464e,1bd77896-8ea1-4812-a9b4-21c49babe1c3,4663d84c-83a0-4d7a-be6d-b21c0c3d410c,bounced,2023-10-25 12:04:00,
ded83d7c-d043-4215-a02a-f73f45890e25,e53fa1c9-8829-4843-8065-35a06e065ce3,7f5475c0-fca5-419f-8d8d-981b8d150e44,unsubscribed,2024-07-05 14:42:00,
586266b5-630d-4422-bfe0-32615d9a6dfb,5874a313-6c82-4e7a-beb9-776af97eb06c,f3ada993-2124-4a0c-9e0d-f66907a95987,clicked,2022-10-07 08:12:00,https://partners.example.com/offer|https://example.com/unsubscribe|https://example.com/newsletter/archive
386c5038-fa2b-43c4-9652-935afbaf01f0,f625b28d-ca91-4536-a3bd-ec57f0777834,20d8c6bf-51dd-4a48-9bd7-934bb61eabae,bounced,2024-12-12 05:58:00,
9007f541-daec-48b9-9aec-c97ab8e2c17f,a1e4c243-0459-4d53-be0c-ac412c3faac5,26e463d4-f71e-437b-8cd7-515b9c8dc2c5,clicked,2024-11-13 10:12:00,https://example.com/whitepaper-download
4e4214f6-2bff-45df-bc13-5b6fc9c9f8b1,a4e2751c-475d-413b-8aa8-aa650c982abb,fbec63d5-449b-4072-998d-6f5458054093,clicked,2024-12-03 12:39:00,https://example.com/newsletter/archive|https://example.com/whitepaper-download|https://example.com/unsubscribe
fdadac6f-d458-4892-82e7-5853e48e0ca6,c3435c53-371b-4034-81ef-9c1d47d1e7b6,7fc29d11-af9b-43e6-bbcd-f34906341e8c,unsubscribed,2023-07-14 10:32:00,
1b1c0679-37c5-4de7-a58e-fc6801fa9d79,54b9ae0d-728e-4c7f-8f1a-d68e76c37882,8c3007bc-f876-442d-b635-f60e2a8ca4f1,bounced,2023-04-30 15:39:00,
206908c5-c2d6-420c-b089-1b6103f1cb0c,1f1c088c-43a2-4253-a317-80da0f00a359,163e4f37-c7c2-4bd1-9b17-d99b933b3574,bounced,2023-01-21 09:41:00,
fba0b2e9-07f9-4801-82d2-5bd42f2efba3,8c079efe-2d86-44da-acf2-26fec268c1d7,1dd8e335-d4a7-414b-b021-fec4da4e1bae,bounced,2025-01-21 04:47:00,
8649de5d-0c23-4bd0-9d51-7db927999262,29030730-1e5a-4f0b-94f7-245b513520e4,fbec63d5-449b-4072-998d-6f5458054093,clicked,2024-12-01 18:11:00,https://example.com/newsletter/archive
a8667788-0590-4b3c-b4b0-12e9526be41d,dccf9aa5-6e21-4d47-897f-65b91b1dbfa8,9b49a7cb-fff3-47ba-b014-8a53d2cae293,unsubscribed,2021-12-09 02:57:00,
f972d38c-7413-465e-95d2-23e776db800b,4be421c3-f97e-4ab4-be42-d25e557322f0,bb86665b-b1ff-445a-ab41-111ff42620f5,opened,2022-07-12 06:36:00,
c117cdeb-8eff-4a03-8f14-5a12cee54b33,91905923-20cf-48ca-820e-9c15e34ceb12,02dfeb07-07fa-4158-989c-5aa306cbe968,opened,2023-08-12 03:39:00,
cf38004f-8f6b-4cdd-b893-0e74ba73e61d,fdd25d43-0183-4e81-9950-457593bac3ef,06029271-7933-4a6e-aeae-04d972521fe5,clicked,2024-06-18 03:32:00,https://store.example.com/product/123
7ee821ac-76c7-4afb-9afc-f5428ad14732,82792866-6714-45d3-b12e-75442cf5a9c6,e9b29118-390a-45a0-8020-ceafb21eb245,opened,2025-01-18 02:20:00,
5de66357-c972-4c76-90fc-ccf1d16c5d42,71d5fc69-da0c-47a6-9bd9-c618b4a8799e,03bdd7ed-dc91-49d2-8f73-99f41ceacc7e,clicked,2023-12-05 05:34:00,https://example.com/newsletter/archive|https://partners.example.com/offer|https://example.com/whitepaper-download
25cf95af-0c9f-43d3-ac3c-4f38d5d196a2,b318de61-6e14-4bec-91ba-57aa34b0a9b5,fe256213-c0a6-412c-ab0d-1859e264fa94,opened,2022-11-08 13:29:00,
976d970d-aa78-4ce3-adb6-6099dd64b8cb,90d3766d-6e15-47ef-bb43-c64dc79ef595,c7923325-ee7c-4ae6-97be-0197325f8ac1,clicked,2025-02-04 22:46:00,https://blog.example.com/article1
58142d7d-ebb5-40fc-ba2d-01c0b7e8f556,ba9ef3d3-c876-4d6a-81d8-32270576a223,4600f15d-8356-434f-85c4-04aa016f6d83,opened,2024-07-02 13:58:00,
80ce4fb2-8c8e-4c27-8d71-3f3cf795c1d0,0b9e29af-d298-4e5f-8f5a-9a756c086d88,143d89cf-e284-4939-a594-2a1f27dd6a2c,opened,2023-10-07 03:58:00,
50206887-70c0-4079-b7b3-b9c22c67449b,8b4badbf-e74c-483d-89bd-aff38ac04941,5cfaa61c-f442-43f8-9ead-46c9a6cd9362,bounced,2023-07-23 19:52:00,
20e4265e-482c-4117-ac4c-969290487101,aac70511-9a21-4043-9de1-4f1d284dd5f3,de4ccc3d-44c5-457e-ab96-7fca35a86c2d,bounced,2025-02-06 10:07:00,
57f772be-6880-48e1-852a-70254ec0cb56,5df82937-a38e-4736-9bfa-60ad99cb0850,d8181830-7fe1-418c-acbe-f2cf124180df,bounced,2023-10-14 20:40:00,
c57fd9ef-6e35-4a4e-bd12-94506c458680,4a5e0304-98b4-4952-9ba9-3539b0be3662,66000994-4aed-41f2-b3b2-60283431e2b4,opened,2024-07-24 15:08:00,
8eeebc3c-f22d-4dd9-b387-77da6b42d5f0,174e56d2-900a-4b55-bc9a-abfcf51a510c,66000994-4aed-41f2-b3b2-60283431e2b4,bounced,2024-07-25 07:00:00,
20861f56-65b5-41d1-bc8c-9b45c9817525,4a03ee33-e7cf-46af-9fef-95f65cc8a00a,1dd8e335-d4a7-414b-b021-fec4da4e1bae,opened,2025-01-17 06:47:00,
df5863a6-ca38-4ff7-83b1-2d5378a75ee6,019506c8-990f-402f-b0ff-1e3e7dc320b9,e2b41cb2-fe7c-4f54-90d1-999be9a65708,unsubscribed,2024-05-14 02:25:00,
fd003315-0c85-4b80-80f4-a76ebffdb529,f12491b3-4e40-4409-8b6f-608d3bb9d621,7f5475c0-fca5-419f-8d8d-981b8d150e44,clicked,2024-06-30 17:32:00,https://blog.example.com/article1|https://store.example.com/product/123|https://www.example.com/pricing
4c4b8f73-0216-43c9-95a1-302c6b010c0c,91905923-20cf-48ca-820e-9c15e34ceb12,fe256213-c0a6-412c-ab0d-1859e264fa94,unsubscribed,2022-11-04 04:32:00,
f2432469-d099-406b-a8da-73129acd281a,b133cb6b-a5de-4369-8263-2b1525c22f14,9426109c-88cd-4ef6-bb2f-770d27b73b28,opened,2022-07-20 02:41:00,
7bbee937-20ed-474e-b7e7-ea458baabad8,ba0817ae-3d44-4bab-a16e-8c39896fa289,7f5475c0-fca5-419f-8d8d-981b8d150e44,clicked,2024-07-04 05:13:00,https://example.com/newsletter/archive|https://www.example.com/pricing
8f6c0564-f33a-4375-a72f-7dcbc8258481,7e96b30e-21ba-4235-a7b9-db64eb84f057,1d3d1396-9fba-4917-a1bf-ba39c830264d,opened,2023-06-18 17:24:00,
cee0c11b-ce1a-4b91-bea1-b1b2be273841,39e86c6c-da9f-4884-bfb0-51ad149b8a7c,422b08a5-3849-4d30-9131-901ab31a505b,opened,2024-07-19 12:17:00,
95fc11c4-32f7-46e2-b7a5-6e148345e6bf,214ef0bf-8582-4bb9-acac-a524cfd8aa0e,6e158ecf-7c2e-4665-a0a6-9f98bf4b2636,clicked,2024-05-31 11:24:00,https://example.com/whitepaper-download|https://blog.example.com/article1
fd8b95c2-7ae5-467b-9191-bb5d257ac0d8,9f78e175-e15c-4bf8-99b6-4faefdeb3634,fbec63d5-449b-4072-998d-6f5458054093,unsubscribed,2024-11-30 02:45:00,
dcdaef8f-c190-4b5d-861d-23b1bbc5e3ed,1026cae6-ab00-4fd1-b4a7-1cef116cef79,143d89cf-e284-4939-a594-2a1f27dd6a2c,opened,2023-10-08 03:14:00,
6b206597-7b4d-4406-8bee-587d2657c350,b8871dee-beef-441c-b1d9-a185eeb2e47a,0b455082-6f4c-48b6-8a28-1eddc0f94335,unsubscribed,2022-10-07 12:15:00,
7063b864-d057-4be5-b7b5-520f3f46b494,e2a8ccd3-f092-499c-a95c-32c0199a444d,b7fe4e66-f679-4eec-ad76-fc69c504dbbc,opened,2025-01-08 08:31:00,
c181c9a1-340a-42a3-baea-0ba6ab942276,cab3670c-75b4-483d-8bf6-fb01a047270f,a6e0a497-d66b-42a4-840d-ea40c5409aa7,opened,2023-06-08 19:24:00,
b531f762-c686-4467-a6a2-b4dae673654f,1c346fe3-2579-48ce-ab3a-c0ff52717b86,9b4e7024-918b-49de-bc79-42cd92e31c52,unsubscribed,2021-04-09 16:06:00,
8113b41d-1788-4eb8-abb1-42485cbe4a48,2d610009-b106-4965-b68c-a426d7ec31b4,8396eed5-8f7c-46d1-8807-b3c8ffb0aeb8,unsubscribed,2023-03-21 11:37:00,
096d428e-aca7-43ef-a7b4-7d01123aeb6f,fdd25d43-0183-4e81-9950-457593bac3ef,7b108c20-ca6a-4008-90d6-6e17c3523f52,opened,2024-10-24 15:49:00,
80b4332f-8873-41d2-b9fe-41accff64678,26bdb8b5-b3f6-4595-878b-b716beeb326e,e7f522cb-43b1-4e59-ae96-27686ec36b36,unsubscribed,2023-07-23 11:31:00,
8db8b35a-1425-4849-bde8-0d64a4c9d080,2d610009-b106-4965-b68c-a426d7ec31b4,03bdd7ed-dc91-49d2-8f73-99f41ceacc7e,unsubscribed,2023-12-07 20:22:00,
da383670-9030-4f24-ace2-5a1cb9a94cf5,3fb84b00-d36a-4a73-a034-3fe846fbfdd5,931864d9-d800-47da-bd01-527979a86c36,bounced,2025-01-05 06:36:00,
59e6fc88-6198-4b61-ac7e-edf608d60854,94ba210d-1ed0-4f49-9a30-2f3de770a988,1dd8e335-d4a7-414b-b021-fec4da4e1bae,unsubscribed,2025-01-21 07:51:00,
4e06463c-4526-40aa-8995-92d4082fa5d0,90d3766d-6e15-47ef-bb43-c64dc79ef595,f87d0de0-0618-4843-8e0b-7af69240a86f,unsubscribed,2024-05-04 16:41:00,
ab57a321-42bf-4e69-80fa-31876b9141cb,21993749-e115-4773-b584-3831765e9492,27065368-5c31-4e53-86b5-5b6ebc42f019,unsubscribed,2023-03-27 05:44:00,
d150f1d6-b1bb-444e-a5b5-cd2df7fa6b00,a4e2751c-475d-413b-8aa8-aa650c982abb,20d8c6bf-51dd-4a48-9bd7-934bb61eabae,clicked,2024-12-11 11:16:00,https://example.com/whitepaper-download|https://www.example.com/pricing
9f52b7a6-e94b-441e-82c1-440538dfa411,5874a313-6c82-4e7a-beb9-776af97eb06c,d746fca7-cdf1-40f3-ba37-8bc4ba775587,clicked,2025-01-20 15:01:00,https://store.example.com/product/123|https://www.example.com/pricing
89ef1f72-7176-4e57-9cca-d7dec7b2a40b,f9dcff4b-f7f7-4d67-b836-c82330471b19,a11c4a3b-cf41-4e50-bd80-566703f45244,clicked,2023-09-05 18:14:00,https://example.com/whitepaper-download|https://example.com/unsubscribe
82f6fbe7-3e7e-43e2-8190-2a488cc6834f,899d157a-31af-445e-9477-471d6aef2928,32df121d-baad-4a06-8861-0b68f9974a53,clicked,2022-12-18 13:03:00,https://partners.example.com/offer|https://www.example.com/pricing
374e6ffd-ce72-4ad7-b3f9-ae4078948666,2612e17a-2569-459c-a978-8353f2dc12f6,32df121d-baad-4a06-8861-0b68f9974a53,bounced,2022-12-16 05:03:00,
c387a238-17a7-4ce8-b432-2a74699c3aa7,b96648c3-63b4-42b1-abda-1160f1ea31a4,90a7036d-b354-48d7-b47c-f178d09c8540,bounced,2022-08-22 04:10:00,
2414d9ae-11a1-4780-9d13-413b987f9212,cc67322c-3a9c-4c14-8f1c-4199130f188f,5df85600-ab94-4a3d-bf1c-850e5818f4ed,bounced,2022-05-23 04:31:00,
7d7ac254-2287-4dcf-9f23-5006d86ec7cc,163d2e26-0a08-47a7-84f8-598db59dd854,bbdca000-1335-4bbc-9d83-51ce4a138e92,unsubscribed,2024-12-11 06:03:00,
37ee4269-38d1-462c-bb9f-4bfb503edee4,ddf51bb3-575e-49e8-9bb4-72e956456e78,d746fca7-cdf1-40f3-ba37-8bc4ba775587,bounced,2025-01-22 23:35:00,
8fcecdce-d80c-44ff-975a-45a34bc27567,cb8bd590-4d0a-4d05-a7fc-1f77ce5f4ffe,6ddb267f-7199-48e6-8e5d-e44cb3ba1e48,unsubscribed,2021-05-04 00:43:00,
47b073ea-53c8-42ec-8228-8b6edc2778e2,730511ea-946d-42a2-8c96-a68fb9dad8a4,7ce82b53-43ab-48c0-b665-f0a59a83f2d2,clicked,2021-03-10 16:23:00,https://example.com/unsubscribe|https://example.com/preferences|https://partners.example.com/offer
1c322fb7-41e0-4187-b0db-89ba730875e9,0639b122-5d91-4fb9-9d30-d233206caede,e3fc669a-06e3-4908-9800-aac01ba0aeb2,opened,2024-05-08 04:12:00,
9b762960-9505-4626-b041-0fbdd778258a,34ea4089-e9be-45b1-9316-27f8902f9faf,c7923325-ee7c-4ae6-97be-0197325f8ac1,bounced,2025-02-03 09:43:00,
520aef55-ce94-4514-8b02-9ba0e00579bb,88dbb8ee-9208-4ac3-94af-dae117a31e9a,a11c4a3b-cf41-4e50-bd80-566703f45244,clicked,2023-09-06 20:56:00,https://example.com/newsletter/archive|https://www.example.com/pricing
f6b640c2-933d-4964-b4dd-42b3ec6d5217,adad1daa-6158-4e4c-9106-ea9114a1322f,1fe0634b-9e12-40a8-9103-aee98a311a2a,opened,2024-04-01 17:56:00,
05db9edc-c7a4-4928-8284-4e22149e142f,440e7f09-63c1-4c97-9ba0-276990ada136,c480e3ac-2c3c-4ee8-ab15-ac4b66ffd080,bounced,2022-03-30 18:37:00,
9603db03-c538-4b67-9dac-4ad9ee110dce,4efd30b4-9739-44e7-8c50-8bc4a7b3ac59,c01df22a-2bbb-4281-912a-1e4e0931e934,opened,2024-06-03 00:16:00,
65ac9f6f-c0c2-428a-88f1-0eb93a122ad4,dae6745b-b3b5-4185-b731-5073ba0986b7,bbdca000-1335-4bbc-9d83-51ce4a138e92,clicked,2024-12-16 19:28:00,https://partners.example.com/offer|https://store.example.com/product/123|https://example.com/preferences
cba8388b-05e5-4091-8cf9-1c0f3633b3dc,1fec6e02-257b-49c5-8b59-54fc5a9c2c6c,f92c0933-6e77-49c5-8be0-3477dd67d716,clicked,2024-06-12 18:56:00,https://store.example.com/product/123|https://example.com/whitepaper-download
d45e2461-d4bb-4ffb-abbc-672e3e20ecc7,fe970ec9-4798-487e-a93c-4481254eec97,5716b914-1ecd-40ad-84c7-e8a54ea1776a,clicked,2023-10-16 22:41:00,https://partners.example.com/offer|https://example.com/preferences
c188591d-3068-4cbd-8892-bf41eb521338,bf0c6793-096a-4c88-9a0c-0d6552e99ae4,8c3007bc-f876-442d-b635-f60e2a8ca4f1,opened,2023-04-28 11:02:00,
038bd8c4-1c62-42cd-a80f-3fcba527adc9,6cb135ca-d23b-44cc-b92a-57e0649ed8fc,79088b85-0bb3-4ddd-8d38-a68556cedc45,bounced,2022-02-15 08:26:00,
e43a9be2-f4ac-4c1c-8a28-3f331d311319,c4daa09a-3e98-4c62-a97c-22a1a1d9ca67,8ecb8624-c876-4547-bc0d-c94d9300a043,clicked,2023-05-04 01:01:00,https://example.com/unsubscribe|https://example.com/preferences|https://www.example.com/pricing
c6508534-4a1e-45a9-85c5-c5b6352bed8a,62d68406-250b-456c-b6c4-39dc22b732e3,5716b914-1ecd-40ad-84c7-e8a54ea1776a,opened,2023-10-14 22:47:00,
eaff7c66-a1cf-47b2-992c-72cf46941dd4,b318de61-6e14-4bec-91ba-57aa34b0a9b5,d746fca7-cdf1-40f3-ba37-8bc4ba775587,opened,2025-01-23 06:06:00,
de675696-58b0-49b0-ab2f-3a8499cd242c,652d2dae-99f3-4501-bdf8-712a971d818e,422b08a5-3849-4d30-9131-901ab31a505b,opened,2024-07-17 18:25:00,
af9cd248-54c4-4156-b630-09966d49b9c3,49cde0a5-f791-4d6c-a71e-848f94436095,fbec63d5-449b-4072-998d-6f5458054093,clicked,2024-11-30 05:59:00,https://blog.example.com/article1|https://example.com/whitepaper-download|https://partners.example.com/offer
9dba87ae-32b4-47f6-ab9a-5340a95ab24c,c76b9bde-be47-49d0-987b-a79d629a1a67,7b108c20-ca6a-4008-90d6-6e17c3523f52,clicked,2024-10-24 01:19:00,https://example.com/unsubscribe|https://www.example.com/pricing
30829b47-954f-48a2-84cb-8d7966ef7df2,c4f8ab84-8951-4690-a3d3-8be43ddf0f77,422b08a5-3849-4d30-9131-901ab31a505b,bounced,2024-07-17 09:11:00,
0b4ea035-06f7-4beb-ac86-f8ba8860ee57,26bdb8b5-b3f6-4595-878b-b716beeb326e,9b49a7cb-fff3-47ba-b014-8a53d2cae293,opened,2021-12-09 12:57:00,
1fd2ed2b-67ff-49c6-baa5-b8afd1ef65f8,df5d6f9d-aee0-4422-9a86-f39ac2c72379,9b4e7024-918b-49de-bc79-42cd92e31c52,clicked,2021-04-05 23:38:00,https://store.example.com/product/123|https://partners.example.com/offer|https://example.com/newsletter/archive
54529740-451f-49cd-a3af-5c9053289b07,54d27759-f747-4654-a193-f0fe3e5264d3,e3fc669a-06e3-4908-9800-aac01ba0aeb2,bounced,2024-05-11 21:12:00,
ad165d36-f76f-416d-9956-77b99a580990,4a09a593-6217-4364-9098-534109628c62,7a50e1f5-d024-4c95-9b4d-860885b4975c,bounced,2023-07-15 07:41:00,
3c275b76-5b92-4ec9-9ad8-cfc07504d8ee,afc2e2ae-77e3-4897-b324-1fe9d1fa6f97,d8181830-7fe1-418c-acbe-f2cf124180df,unsubscribed,2023-10-18 08:36:00,
88c903e8-3ffb-40b1-b262-081f9872eb94,4d69bb3b-e8f4-4bb9-83bb-6e1c577b817f,fbec63d5-449b-4072-998d-6f5458054093,opened,2024-11-30 06:36:00,
bf2e2649-537e-45d5-bfd4-ebff290825e4,1bd77896-8ea1-4812-a9b4-21c49babe1c3,3481a57d-0e4d-4952-9035-7f0f847d6e53,bounced,2024-07-02 15:38:00,
e3196e6e-978f-4a68-8f43-744c1464d05e,1b46a5e1-1de8-490c-bf6a-a44167126b2b,e7814110-3f66-41f6-8111-8641c549dbaa,opened,2024-03-06 15:52:00,
475f3225-cdbc-4814-8d4e-a064341bad0b,4039378e-b715-4b67-ba5d-f32ce0e7d3c3,de4ccc3d-44c5-457e-ab96-7fca35a86c2d,opened,2025-02-04 19:29:00,
be95b7eb-e992-4424-9568-4df7e6ce2c4e,adad1daa-6158-4e4c-9106-ea9114a1322f,931864d9-d800-47da-bd01-527979a86c36,unsubscribed,2025-01-04 22:25:00,
9619619c-9b49-4bb1-917e-f7a60a75ea21,3a980254-11c7-4318-a826-10c743fd97ea,005314b5-2edc-4222-82e5-9b0adb4663b3,bounced,2023-07-25 22:36:00,
d4cb275b-d72e-434a-8c7f-e62c41514d39,2de835c9-e401-485a-906e-882c7c448d16,b7fe4e66-f679-4eec-ad76-fc69c504dbbc,unsubscribed,2025-01-11 22:39:00,
69307625-74e9-4c03-a793-507e7e125538,5f2f5dcb-3fc9-4dda-98b6-df3c4925d1bc,c7923325-ee7c-4ae6-97be-0197325f8ac1,opened,2025-02-07 14:59:00,
f4e8f758-c793-4f8f-b097-83e66240112d,165ac2e1-abb7-4069-b49a-6c497de14726,71c75a2c-20f3-4846-b3a4-f6c862d08427,unsubscribed,2023-02-13 12:19:00,
7a557b5d-a71e-4efe-97b9-b6a8a5d0895b,cc67322c-3a9c-4c14-8f1c-4199130f188f,237caa62-69dc-4876-aa70-0241f0a4f607,clicked,2023-05-22 01:58:00,https://example.com/unsubscribe
e3125677-062a-47f4-bc75-d59293012e96,1bd77896-8ea1-4812-a9b4-21c49babe1c3,b7fe4e66-f679-4eec-ad76-fc69c504dbbc,clicked,2025-01-08 09:51:00,https://partners.example.com/offer|https://store.example.com/product/123
dd8508c4-5774-498d-9865-9a50bb01fcc4,26bdb8b5-b3f6-4595-878b-b716beeb326e,0b455082-6f4c-48b6-8a28-1eddc0f94335,unsubscribed,2022-10-06 06:46:00,
9acad982-9889-42aa-9fad-e15eeb822ef4,aac70511-9a21-4043-9de1-4f1d284dd5f3,3481a57d-0e4d-4952-9035-7f0f847d6e53,clicked,2024-07-03 05:28:00,https://example.com/preferences|https://example.com/newsletter/archive
c2149044-1cd8-415f-a411-76804472b0c3,5f2f5dcb-3fc9-4dda-98b6-df3c4925d1bc,7fc29d11-af9b-43e6-bbcd-f34906341e8c,unsubscribed,2023-07-17 10:59:00,
c023bb88-11ac-4bb3-980b-ae73486f94ba,6d9c4fe2-f1bd-487f-9de2-8e0513505be4,0ba974de-0db0-4900-9827-0cd8ac8d4b72,bounced,2022-11-21 18:39:00,
b2bbcb16-653d-47b1-95a5-48d160f9ffd9,a1e4c243-0459-4d53-be0c-ac412c3faac5,66000994-4aed-41f2-b3b2-60283431e2b4,unsubscribed,2024-07-19 21:41:00,
fa4c544e-e641-4089-9853-a3cefdfc0454,1926cea6-8c3d-4fd8-9e8b-f1cc9d87cce5,f87d0de0-0618-4843-8e0b-7af69240a86f,clicked,2024-05-04 11:47:00,https://example.com/unsubscribe
94daf42b-eeff-4100-888c-908ace8099b2,9af008de-e229-4785-83b1-0f576c97967b,de4ccc3d-44c5-457e-ab96-7fca35a86c2d,opened,2025-02-06 20:09:00,
4ee23c90-7510-48db-ad51-ec6db0d08545,d1cbf7a7-6eb5-4ff9-9237-33b6784e2326,27065368-5c31-4e53-86b5-5b6ebc42f019,unsubscribed,2023-03-30 06:31:00,
d707f20f-7be8-4ce3-96a6-b0437bb4ecc6,386d158d-ebf7-4a13-8889-dd070017902d,57de3cb2-84ef-4495-bfaa-5b651c90d4d4,opened,2023-12-26 16:36:00,
b953eea6-0bf9-4ca7-8a8b-6815eabf1fdd,6cb135ca-d23b-44cc-b92a-57e0649ed8fc,53e25162-a596-41c6-9529-dcef473ba7d8,bounced,2020-10-17 02:47:00,
5eb96722-61ba-40b1-a37a-d2e67b366a74,fe661fcf-edca-4d68-8fad-14b4f0283e66,112d5adb-7854-44c5-b731-d05898c88a7a,clicked,2022-10-09 09:57:00,https://example.com/unsubscribe|https://partners.example.com/offer
5d82638d-d0fb-4855-818a-d6cddbebc65e,05aeac11-287f-4e8f-a5da-8dd0652815c7,349a97a9-569c-4fdf-b5e8-314d4256454d,clicked,2022-04-17 16:55:00,https://example.com/preferences|https://example.com/newsletter/archive
8dca6b64-02c7-48e6-b493-65a8670913ba,ed736465-9534-4462-9874-49759ecde945,7b108c20-ca6a-4008-90d6-6e17c3523f52,unsubscribed,2024-10-23 09:35:00,
11d3c90a-cc15-4d5b-9af1-c599cd18ed87,ba0817ae-3d44-4bab-a16e-8c39896fa289,65b91d44-a21c-4834-aa28-522be9354c3d,bounced,2023-08-05 21:32:00,
6d99f19d-2f0e-449b-9a97-94feccb999d6,e9976b1c-10c0-4c6b-a273-08392750acac,3481a57d-0e4d-4952-9035-7f0f847d6e53,clicked,2024-06-28 05:08:00,https://partners.example.com/offer|https://example.com/preferences|https://example.com/newsletter/archive
6c91a20c-2ed2-4d03-be64-0be5d39183b8,d1cbf7a7-6eb5-4ff9-9237-33b6784e2326,e69b44a6-b11a-4346-a183-7918e6a6d723,bounced,2023-12-15 23:59:00,
adef53bc-6a97-4408-85ae-a3e640413987,6078e51a-194c-4600-8a2b-7905c9fff68e,98d63e85-2158-43bb-988a-bd933291bea5,opened,2023-02-17 12:01:00,
25a71824-6a56-4264-9149-e526afb61052,f1b118f3-6113-4da6-b961-f8ad8d2ba70c,f92c0933-6e77-49c5-8be0-3477dd67d716,opened,2024-06-10 12:44:00,
292029f0-6b19-48fc-8ca9-2f7fadcf2d25,f4680894-77a8-4f5b-a8b1-ef19701974e0,bbdca000-1335-4bbc-9d83-51ce4a138e92,clicked,2024-12-12 02:05:00,https://www.example.com/pricing
5c139b51-5fe2-495a-bfb6-675c2abea146,bcf1e356-7374-48e1-bc92-29c189d98524,b7c0f72e-3b4c-4d71-a963-a5349f253612,clicked,2023-12-01 03:29:00,https://blog.example.com/article1|https://example.com/unsubscribe|https://example.com/preferences
bb0c482d-8f99-43cc-9a4f-c35258faa233,831fefce-e99a-482e-8104-c139fdf1899b,de4ccc3d-44c5-457e-ab96-7fca35a86c2d,unsubscribed,2025-02-04 08:16:00,
27a75d39-f027-4509-b5c2-1f6666c943aa,3546732e-2b15-4563-a8cb-2668e030d5c3,005314b5-2edc-4222-82e5-9b0adb4663b3,opened,2023-07-24 18:13:00,
2798d86d-bf4a-464b-ba25-49315fb26c61,06548654-67e7-4e53-a062-126bab911f50,257611e1-f3bb-4b06-b40b-99ad381be8b5,clicked,2024-02-24 20:06:00,https://store.example.com/product/123|https://www.example.com/pricing
4ec7db46-7865-46ef-aa6c-a70a09305fb3,7e0b1205-00db-4830-96a8-3b55c9616b91,c7923325-ee7c-4ae6-97be-0197325f8ac1,opened,2025-02-05 00:30:00,
7c70f0c2-fbd6-4ae3-a03f-b01fbad10dbc,1a32dbce-7160-4fc3-a05a-cd0537e42caa,26e463d4-f71e-437b-8cd7-515b9c8dc2c5,clicked,2024-11-12 12:48:00,https://example.com/preferences|https://example.com/newsletter/archive|https://example.com/unsubscribe
4408b299-dccb-4324-8934-316a2be5dda5,3724dd23-b668-4f9a-83f1-2d62e8d4319c,98a60e3d-94fe-46b5-8c32-fdeb98b49b68,opened,2023-08-31 12:25:00,
54f47193-0d6b-40da-b90a-b2efdc1227b5,1f2c38b5-8d67-4611-86fb-d6af08306458,d0d5af8b-aadf-497d-81ca-ee9f21cef2a4,opened,2023-08-17 18:28:00,
272f8574-a018-40df-b9af-04d7c2cbe05c,c6fd6a36-ccaa-43df-9344-7430c2c4d890,4600f15d-8356-434f-85c4-04aa016f6d83,bounced,2024-06-29 05:59:00,
966c42bf-fae3-4909-888b-29b5dff64951,5d839663-c488-4849-b0fa-d01d15128e5f,edfba198-2a2d-4f59-8edf-a76b4ad7c259,clicked,2020-09-25 02:22:00,https://example.com/unsubscribe|https://example.com/newsletter/archive
f2c97a3a-7c55-4303-b8fa-067d9bd95ace,c67a295a-e847-477e-b916-8756ec065e52,4600f15d-8356-434f-85c4-04aa016f6d83,clicked,2024-06-30 17:00:00,https://example.com/preferences
dbaca320-6c6e-4b5b-b82d-17c8e9f3cd2d,cb8bd590-4d0a-4d05-a7fc-1f77ce5f4ffe,cd90e2fa-9e40-4f5a-88e2-98a84f2ac7c4,bounced,2022-07-12 06:46:00,
380c4c4c-5f31-416c-ada4-831f5ef2e593,6dd7c9eb-9248-48e1-b84c-8d91347debfb,b7c0f72e-3b4c-4d71-a963-a5349f253612,unsubscribed,2023-11-30 21:04:00,
958bf2fd-8b5d-4e52-9897-46ba3d7fe612,090b7b3c-196e-49e3-a2bf-f99eb28aa26c,9dcca365-01e6-4b99-9cc1-9ac93daafc73,unsubscribed,2023-07-28 17:00:00,
f9136d4c-ff40-4302-9fb0-fe25fea0f9d2,7d4fb0d0-8101-4765-9615-7c73787c9def,b7fe4e66-f679-4eec-ad76-fc69c504dbbc,clicked,2025-01-06 10:45:00,https://partners.example.com/offer|https://example.com/whitepaper-download|https://example.com/unsubscribe
99f97c5d-811a-404d-8ed2-9e576550b381,444272e0-6dea-4e52-bcd1-7bf3843fd883,f920d95f-360b-45bf-acf4-4c2015bb2ce6,clicked,2022-01-17 15:13:00,https://www.example.com/pricing
506e11a0-b9e1-4168-8e60-2487489e5011,f63ff0ad-61a9-4aa7-93c6-c08f5bc56b7e,7fc29d11-af9b-43e6-bbcd-f34906341e8c,unsubscribed,2023-07-19 22:17:00,
4a802f5b-b3bf-49a1-8ee9-1b048c94524f,d0785454-918b-4da2-87ef-493d189a785e,e20e5050-e528-48b5-8825-b991883d1dd4,bounced,2022-07-01 08:28:00,
780e97f3-567a-4f9e-890c-2f5501de1aa3,c4609718-da7d-40f2-b195-7558514e6846,fbec63d5-449b-4072-998d-6f5458054093,opened,2024-11-29 18:05:00,
4f135b1d-2251-4932-89a7-b01570375845,36205f61-5c0e-4529-aafb-e134eab6b5db,3b1e3659-a60d-40bb-b25b-447554220829,clicked,2021-11-29 18:05:00,https://store.example.com/product/123|https://partners.example.com/offer
b5ad2bac-21ab-44fd-b845-f7e0e450f7f7,04a0b48a-e232-413a-a6d8-83a2788ff46f,63fa474d-1a85-41f8-afa6-5a13ba46554e,opened,2023-05-06 07:28:00,
e46b7572-dfb0-4cc9-87ff-bbf2fc0f90ee,d15fec3a-055a-4b54-8bb5-ef858c2cfab2,d746fca7-cdf1-40f3-ba37-8bc4ba775587,bounced,2025-01-23 16:10:00,
45dd641d-5a41-4d19-8658-1606544d4d2e,a790ff5e-6f46-474b-b951-9582e49ef97f,de4ccc3d-44c5-457e-ab96-7fca35a86c2d,opened,2025-02-08 00:51:00,
0f702b3b-4a02-4b4a-a4ba-896631ed7f9e,a2cd789a-32f5-4181-b028-bcd7d0b3258b,b713cef5-91f1-4fbb-9023-7da5d64de236,clicked,2023-09-03 08:42:00,https://example.com/whitepaper-download|https://partners.example.com/offer|https://store.example.com/product/123
29cf4ccf-101c-4d7e-9f36-c4d4e12101c4,b574c172-f3bc-430b-a41a-57c572ab0225,d0d5af8b-aadf-497d-81ca-ee9f21cef2a4,unsubscribed,2023-08-15 04:06:00,
7037cf0d-2729-4ff9-aa3d-aabc78ae5e30,46669406-403a-49fe-a7e4-23cd50d1905a,bbdca000-1335-4bbc-9d83-51ce4a138e92,bounced,2024-12-17 14:57:00,
0b31ecdc-0f91-42bd-a007-e77c12678e0c,43894fef-22d6-4f4a-accb-c3da4972eada,d2b356ee-b042-4649-a233-7af352cd4c86,opened,2022-01-06 10:41:00,
b19e9d8c-edb9-4bea-a55a-c4b0a20847d4,951fe395-00e7-45ea-a46b-ec8a08717d6d,26e463d4-f71e-437b-8cd7-515b9c8dc2c5,opened,2024-11-12 05:00:00,
7b3c4148-1329-4e1e-9fc0-f02a6d7d9807,f5484725-b6d0-44f0-a7cd-f6291d9baf5d,811860a8-a696-48e2-8f42-0ef03328753b,bounced,2021-12-30 13:53:00,
3b71019e-49c1-4d3b-a902-b3094cef7078,ac59ce1e-4b42-4afa-a94e-1ab8c0a234c9,4600f15d-8356-434f-85c4-04aa016f6d83,bounced,2024-06-30 21:49:00,
d566e8fb-defc-4d4a-8905-8129d8a690f4,7e4e29f2-7255-4e83-8b95-a7a018ad1771,7cb545c0-8ed4-43ed-a399-b3d98f74cec8,unsubscribed,2020-08-03 06:50:00,
fcd1d1f3-34f4-4c55-94cb-f57e66fbd099,52624799-6279-40fd-923a-a8459bd8f979,b7fe4e66-f679-4eec-ad76-fc69c504dbbc,bounced,2025-01-11 16:10:00,
04c9139e-0de0-41b8-810e-95d542e014f6,79fcca14-930a-48aa-9ad2-0aba880f7d2e,2fa941bc-f6f9-4800-9801-6142e563db03,bounced,2020-07-14 02:27:00,
41d6fbb6-0b10-417e-bc57-fd4a223de893,444272e0-6dea-4e52-bcd1-7bf3843fd883,512cf8ed-e29c-475d-94ca-a1c9a091b767,clicked,2023-06-18 05:35:00,https://partners.example.com/offer
74dc372c-0a8b-4d2a-9a7c-6e409c6be441,ac45e8f0-e927-4f0d-84fd-210269238553,bbdca000-1335-4bbc-9d83-51ce4a138e92,clicked,2024-12-16 03:22:00,https://example.com/newsletter/archive|https://example.com/whitepaper-download
2e496e60-46e7-4813-89c8-b974d1f93a40,3f6fc565-0e2e-48eb-ba01-fb7ca31d4c08,d1b03c47-4f3a-4607-ae5d-93b43b6c61ae,opened,2024-03-19 11:49:00,
700e7ac2-e016-4c38-a2d4-792f14867834,af5d9ff8-b143-41a7-bbb9-9b06cd6f099b,5716b914-1ecd-40ad-84c7-e8a54ea1776a,unsubscribed,2023-10-12 16:32:00,
3381c837-7e14-445d-a064-402b8a215900,ea5e8b3b-83c6-47cb-b071-a0cd64ab01dc,06029271-7933-4a6e-aeae-04d972521fe5,bounced,2024-06-13 09:02:00,
f617fa1c-23e9-4a41-9264-cba36b031ef5,ddf51bb3-575e-49e8-9bb4-72e956456e78,9ffd4aec-90d8-45f9-b6ba-db0b8f660adf,bounced,2025-01-03 01:22:00,
ba630f5a-1eb3-4a93-bc8e-f215e67ce8e8,d8a05708-eeec-47f0-ae9c-a258d79b6904,de4ccc3d-44c5-457e-ab96-7fca35a86c2d,opened,2025-02-04 06:25:00,
e5c84942-7482-485e-b2d0-436cc2bd6749,a1e4c243-0459-4d53-be0c-ac412c3faac5,e99ff56b-e80d-4e24-a2d8-b75549621fea,clicked,2024-11-28 06:29:00,https://example.com/unsubscribe
49d9ec08-15e5-46da-8686-1b17b951baf9,bafb3cd4-9fe0-4655-a556-054198f9670e,e2b41cb2-fe7c-4f54-90d1-999be9a65708,clicked,2024-05-17 10:46:00,https://example.com/preferences|https://partners.example.com/offer
6165ca32-8c6f-40d5-b602-2ee649b790f1,d141f3fd-fe31-41da-bc51-a4fe94ec2ea0,5cfaa61c-f442-43f8-9ead-46c9a6cd9362,bounced,2023-07-19 00:49:00,
e977c7f0-f75d-41f2-a994-6b9e0b54a9fe,fac1844a-a396-439c-99ac-2671a9444a72,e99ff56b-e80d-4e24-a2d8-b75549621fea,unsubscribed,2024-11-28 03:27:00,
e1cd0022-678f-410e-b316-762b1157c927,e50a10de-bf5b-4053-93f2-d42772410616,dd5f7f7a-e809-48e2-a366-40cd9f988bfc,clicked,2023-10-25 16:28:00,https://example.com/preferences|https://example.com/unsubscribe
99199c35-18d5-4e2b-83aa-f8c1eee2f4ab,d15fec3a-055a-4b54-8bb5-ef858c2cfab2,7f5475c0-fca5-419f-8d8d-981b8d150e44,unsubscribed,2024-07-01 06:53:00,
7d7f2da8-ea72-4a40-8785-f7bce3020548,7e4e29f2-7255-4e83-8b95-a7a018ad1771,53e25162-a596-41c6-9529-dcef473ba7d8,opened,2020-10-16 06:25:00,
6df2b6ad-210e-4df1-93ab-82007be97316,85bce3a4-6632-4236-b5b0-5b03198e1bd2,e7f522cb-43b1-4e59-ae96-27686ec36b36,clicked,2023-07-27 20:58:00,https://store.example.com/product/123|https://www.example.com/pricing|https://example.com/unsubscribe
d771172d-4c96-41c3-85ea-b08568f39c14,e154045e-096e-46b6-8977-2814ad26ed98,c67fd3a5-9499-4c1c-aed0-2e9e8346f323,clicked,2022-12-15 11:15:00,https://example.com/unsubscribe
8c0233f0-84c8-4aca-a29a-4aaffa27aeb8,164889dd-bdc8-410c-87cd-c256e2964088,6eebddef-d792-41c3-8f85-25bee3c72ed2,clicked,2023-06-04 05:47:00,https://www.example.com/pricing
ee70db23-7840-4d33-9aed-f778b541173b,e50a10de-bf5b-4053-93f2-d42772410616,06029271-7933-4a6e-aeae-04d972521fe5,unsubscribed,2024-06-14 23:39:00,
bea80a1c-d92b-4f5a-98e5-15392a03f790,92eb2e93-ddde-4100-9ade-d6d36cbceaaa,7fc29d11-af9b-43e6-bbcd-f34906341e8c,opened,2023-07-13 00:25:00,
e14d2318-06e7-4226-be04-1ee34eedabd6,52765d27-d3a1-44fa-9fde-0121a017ab9f,5c93887e-06ca-4f74-a782-45702bd91104,opened,2023-11-10 14:52:00,
a6aefe2b-6f32-4f28-99c1-2239aed45a04,ae952426-a499-409c-8281-1489c6e80c15,f87d0de0-0618-4843-8e0b-7af69240a86f,unsubscribed,2024-05-04 13:53:00,
4d46beb6-8e2e-426b-a4fd-da1f68c2ebe5,f5484725-b6d0-44f0-a7cd-f6291d9baf5d,d3814d48-118b-41a0-8006-d76967ebeadd,bounced,2022-03-15 07:32:00,
f313e435-6923-4110-a8ae-903666d8c02a,4f7b129a-3d7a-4d1b-984a-132d8ca6c1a3,931864d9-d800-47da-bd01-527979a86c36,clicked,2025-01-09 07:53:00,https://example.com/preferences
e1ca84ac-2e1f-4a40-8488-c11739a7e4bb,d7d3fb2b-8a7d-4000-a654-2ad766f653b8,4785e9a2-b5f4-45d8-95a6-3266960ad816,bounced,2022-12-28 11:33:00,
3adf66d3-777e-402c-8a85-5f0d964a48ad,54d27759-f747-4654-a193-f0fe3e5264d3,e9b29118-390a-45a0-8020-ceafb21eb245,opened,2025-01-23 10:49:00,
5888c0d5-b1ea-4059-971d-79228427f2a7,a5d5e2a8-2818-4248-9cb9-db4d68c56e91,4663d84c-83a0-4d7a-be6d-b21c0c3d410c,bounced,2023-10-23 14:04:00,
ef98d423-e89f-48f1-9ed6-5d1de2a1d703,7bf3f422-14e1-401a-b615-0b1215fbad86,422b08a5-3849-4d30-9131-901ab31a505b,opened,2024-07-17 18:50:00,
c53b21f4-578a-4897-9549-5e8980853a35,0df1828b-2300-475c-805f-216a34be937f,65b91d44-a21c-4834-aa28-522be9354c3d,opened,2023-08-11 01:25:00,
20d73f99-5e18-4bff-bc4a-31630bcdfaf6,39e86c6c-da9f-4884-bfb0-51ad149b8a7c,20d8c6bf-51dd-4a48-9bd7-934bb61eabae,opened,2024-12-12 23:04:00,
05b1bd53-8154-4f1a-88ad-502898e26c9a,8c987e3e-2025-4501-8220-71dbe7a0ef83,7fc29d11-af9b-43e6-bbcd-f34906341e8c,clicked,2023-07-17 16:53:00,https://example.com/whitepaper-download|https://example.com/preferences
