transaction_id,subscriber_id,ad_partner,ad_revenue,subscription_fee
4d01df5d-157d-46b8-8342-3457a77f00c3,0639b122-5d91-4fb9-9d30-d233206caede,BrandBoost,2.06,0
a5b9aae8-4280-4c17-b2e6-d249e99fb102,090f8dd9-a1ed-4060-b4d9-c91a95a7afa2,DirectPartners,16.15,0
71d9524a-5d30-4d36-b29d-47546a6e3bf5,dbea5edf-9b05-4612-bbda-9fbdb2355006,PremiumAds,15.4,0
52c3e9be-b3e2-4613-af26-ef14be9bc891,d7e59146-5b43-4f75-a34c-e7ab83b226a1,,0,49.99
207456cf-4d46-4666-870c-4d2651702800,da5fb507-4c57-458a-a92d-e0140a938fe8,PremiumAds,21.72,0
115bef37-cbf6-461d-afb5-510a1dcf7a40,271dd90c-fd33-47b0-960f-79ad65b3d003,AdNetwork1,37.09,0
e239b165-ee8b-49ff-ac15-2c2d2f101e91,bff2c9ea-8484-4656-9516-03b35cccf690,DirectPartners,40.41,0
ef9de5e0-592a-44aa-b342-bc589fdbfcb7,b04ae686-4e9f-4f97-a43d-97b9d5f267c9,,0,49.99
83b167bb-2e2a-4d7c-8360-3bcac716c9d9,3423b6f6-a57f-4b0b-89c1-c1bfa7f8222a,SponsorConnect,36.1,0
c6dcec57-1130-4d8d-b5e5-a6f2cef52e73,0b9e29af-d298-4e5f-8f5a-9a756c086d88,,0,49.99
bb7878d1-db71-4bbf-9675-1043a9ddaf4c,6b965d44-ae2c-4bf1-b211-89452b31a2a7,,0,4.99
00d785e2-d828-4c04-9432-4b16bd87dd23,6078e51a-194c-4600-8a2b-7905c9fff68e,,0,49.99
d30eac7f-4606-4d17-9f5b-02cb111c1c9c,214ef0bf-8582-4bb9-acac-a524cfd8aa0e,PremiumAds,43.88,0
98b48090-be60-477a-9ef9-ad9a0221f6df,444272e0-6dea-4e52-bcd1-7bf3843fd883,,0,19.99
f0814bab-e4b0-45e8-aebc-255a4b69e4ca,f12491b3-4e40-4409-8b6f-608d3bb9d621,BrandBoost,3.77,0
6a90ed70-69b5-4116-9e5c-facdd9ffc0ce,fac1844a-a396-439c-99ac-2671a9444a72,AdNetwork1,21.88,0
80baeba7-d695-4756-8365-df084aada5dc,1f2c38b5-8d67-4611-86fb-d6af08306458,PremiumAds,44.75,0
fa5f5453-0dc0-430b-8e5b-0f329ed7542f,468298e0-717c-4bc5-b024-a1a5c8bdf274,DirectPartners,37.97,0
30c147c5-b9b5-4820-af0e-65e3a526e99e,f625b28d-ca91-4536-a3bd-ec57f0777834,BrandBoost,2.63,0
766b68d6-51c3-4cc6-867b-3f3ef5e12b62,0d3c2707-26ca-403d-a9e1-adbf97d939e4,NewsletterAds,31.01,0
d03b9928-84e0-484f-9cb2-6db0fe2604bf,951fe395-00e7-45ea-a46b-ec8a08717d6d,DirectPartners,29.65,0
df2618df-b227-479c-a86a-28f1b9619c6d,14a29d5c-4c10-4821-8455-fd52b98deeaa,,0,9.99
cb1e07fc-0e32-4e6c-8037-1f67631b66c0,59255526-45ca-4855-9d65-c9e5225412fb,,0,49.99
e2067883-d918-401d-9460-ef18da4a7087,91905923-20cf-48ca-820e-9c15e34ceb12,,0,9.99
c9361ea7-441b-4011-9f75-72c7184e52af,6ac33e1e-bc86-43c4-a81d-84ff93c3c986,DirectPartners,49.94,0
ed1129b0-18cb-4fdd-a5ff-c32ad5cc9d6c,b3b1a102-1f99-41c9-bd56-7ea186255aa3,DirectPartners,36.47,0
ec75fff5-2356-4239-86be-a75a4c4fe45e,262fd59f-ed4e-4e67-a7cf-67bd33322805,SponsorConnect,49.35,0
9e9b161c-4004-4658-97db-facec148d921,b318de61-6e14-4bec-91ba-57aa34b0a9b5,PremiumAds,4.82,0
75d45d81-2479-4b48-8869-aed3fa8d2686,af5d9ff8-b143-41a7-bbb9-9b06cd6f099b,SponsorConnect,3.07,0
c5b5e6b0-8053-49c4-b4bc-29e6736b281c,b19372b9-6c0d-4be9-9042-223c09fbe58c,,0,29.99
fccebf61-40a7-4f59-b977-3a31f1bcb369,7e181b95-8ff6-467b-b25d-a7214910f491,SponsorConnect,35.62,0
140a01ad-cad9-42d2-ad9f-55c5c58f8362,f3e7ed63-a987-4828-9f44-0253eeb09d93,DirectPartners,26.94,0
834833cf-770b-412a-8b54-ffedf4eef126,edbade99-e3e8-4f1d-81d3-b2693d994861,,0,29.99
f2e245d4-5ff9-4fee-b79a-3a70a41ba277,81062cc3-e7b3-48f7-8cd2-701b1d346376,,0,19.99
5b7cd18d-13d4-4534-852d-e96b407965db,f1cbb227-16bd-41ab-9e99-c67cfd78d161,DirectPartners,19.54,0
56c87bbb-0acd-4e45-bc77-5a88f6fe6e15,baba913a-7f24-4ce5-bfd8-688bfe140784,BrandBoost,35.88,0
168038f6-9104-4eb0-bf88-e44673e832e8,af5d9ff8-b143-41a7-bbb9-9b06cd6f099b,SponsorConnect,38.22,0
5d01061a-7bc8-46d1-8e7e-92f45e92e65f,fcb8e74a-d87d-4900-a566-81bb84711aaa,,0,29.99
254b52fb-6278-4580-adf3-485318ea17ee,a2cd789a-32f5-4181-b028-bcd7d0b3258b,PremiumAds,41.58,0
fbe5f7fc-8767-4298-aae1-7ee648033853,058111da-ecda-4057-a1c7-8e4f0545ed00,SponsorConnect,16.0,0
b76fc69a-9f75-48b0-be7f-0f77dcdd0e09,e5141634-b656-4c6b-a968-707cf1880cbe,NewsletterAds,20.89,0
eefec75a-0b23-43bb-a870-b4522c471591,6ac33e1e-bc86-43c4-a81d-84ff93c3c986,,0,49.99
373d02cf-4a57-4e46-96d1-689ffa33142b,3c8c6679-5cd8-4c76-a0d1-8dc6eeaa0f04,PremiumAds,46.5,0
fafbb2e5-0700-4520-a414-cd72002200c8,090f8dd9-a1ed-4060-b4d9-c91a95a7afa2,NewsletterAds,25.98,0
16bdac50-dbb3-445e-ad23-798b18662d4a,65eb0048-aeda-4dd1-944e-f4069902681a,,0,29.99
9430be9d-6041-4a66-875c-9f63617a2941,090f8dd9-a1ed-4060-b4d9-c91a95a7afa2,AdNetwork1,30.16,0
f466af4c-b16f-4dbb-abbb-0cfd1ca974ed,3724dd23-b668-4f9a-83f1-2d62e8d4319c,PremiumAds,14.77,0
eb3c4499-747a-4f8f-8de0-23472dd9f350,9cefa53c-b982-41a3-ba9f-d6efa53cf486,BrandBoost,28.27,0
4476d7ec-09f6-447c-a024-7d1f2c56598b,ed736465-9534-4462-9874-49759ecde945,,0,19.99
6d461ce1-b30d-4cc9-aac1-7a42808cca0d,2a384ce3-4916-44f7-97ce-f6cbc56a3e48,PremiumAds,34.15,0
9eb0e1f1-46fc-4835-b085-1e152d58b872,4a03ee33-e7cf-46af-9fef-95f65cc8a00a,BrandBoost,17.66,0
d30c39a9-6465-44e3-81b3-e766708214c8,dae6745b-b3b5-4185-b731-5073ba0986b7,NewsletterAds,22.16,0
b4e61f6a-2013-4d03-a87b-a9aa97ab5fa0,5f829de2-a75a-475b-b584-180e63be7762,,0,9.99
343fcd90-f775-4546-b86b-dd991064ac50,34ad3671-919e-4604-9ec6-17cf823b6d43,,0,19.99
ea8ac1e7-40d3-4b06-9694-4b948b4343e6,54b9ae0d-728e-4c7f-8f1a-d68e76c37882,AdNetwork1,32.73,0
2dda3560-ac5c-443c-ab4b-3d33b30c5bad,d3638e25-d096-4872-b90a-14c0ec22285e,,0,49.99
b8c9eca7-3a18-48af-98ab-b7f79e26ee7d,680b6aca-c839-4fa3-8612-7afc163eebec,PremiumAds,35.99,0
8fcdec1c-69f9-45df-9941-102bdfd394d0,069061db-65a6-4cba-b962-eb56910ad448,AdNetwork1,28.45,0
243d9364-2189-48d9-b183-c777990cfdaf,6cb135ca-d23b-44cc-b92a-57e0649ed8fc,BrandBoost,18.77,0
3e7353f8-6bc9-4f97-b0f7-6e63c8567e1e,c5d27f2c-9d7d-4a39-94cf-52711da6cde2,SponsorConnect,27.93,0
d662648a-beae-4259-b717-5dc48188e6fa,65afe520-72d9-47c2-bd94-c1ee90058aab,DirectPartners,33.67,0
8e037753-af05-449c-9e0c-a82e4abcb747,91c003ff-9eb0-47a3-81c8-2bec46eb4c93,BrandBoost,8.85,0
0d5d466f-d1c0-4f3b-bc87-266234bc697d,5b42b1c6-a383-464d-8d09-64bf629bba76,,0,19.99
9c475139-8619-4beb-9c3f-041c3c7035c6,65afe520-72d9-47c2-bd94-c1ee90058aab,,0,49.99
eccb6f8a-095c-4c98-baf6-4cc53c10151f,a10c6740-472a-4ba2-a514-75fec4f89c73,,0,9.99
2c86ba1f-7af1-4b20-9f94-fddd69bee293,bc4c1707-1ab5-431b-9af1-9b59b9e5e306,NewsletterAds,24.64,0
672a3a0a-d3ae-4675-be33-ff0aa1bdc955,54b9ae0d-728e-4c7f-8f1a-d68e76c37882,BrandBoost,46.7,0
63ee26c5-6e1d-421f-9d99-40b86cba995b,dc7d21a7-7613-42d0-915f-d3df8a863c9f,NewsletterAds,17.12,0
64490c43-0551-40ad-83f3-40526d8247a2,bac0076e-29b8-4b5c-9998-bde488013377,DirectPartners,48.9,0
db97b57a-cc19-4bcb-b98b-772ac3471412,8dd24635-9ad0-49a0-b36a-928164e83eb5,,0,9.99
1ff79174-21e6-4604-951c-2bd5db33d74b,cf94f1f5-cade-4dec-b147-ef10de23c554,,0,49.99
9dead45d-a9ad-47f3-b6c0-44eaa44ec427,81596305-fe9b-4a7d-b72e-eeddd306b6fd,PremiumAds,13.12,0
cccfa84e-1a36-4aa5-a851-bfe94ba5f549,531c3f51-5597-448f-b10f-8dd78f6a948c,AdNetwork1,37.07,0
ec8f1b37-c9c1-4b26-98ed-8625807f90b3,79fcca14-930a-48aa-9ad2-0aba880f7d2e,NewsletterAds,10.32,0
ea3a9620-978d-4bbd-85f9-dbfa73190d59,49cde0a5-f791-4d6c-a71e-848f94436095,BrandBoost,32.92,0
7aae8905-e2f0-4e6e-9da6-a85c33c03fae,2ee7dff2-69ed-40c2-9a4d-5aebd79c4313,AdNetwork1,19.59,0
c62257c0-2d2e-4343-ad93-08646bb7459b,6a58b8c8-12e6-4d63-b12c-93d8026cd481,,0,4.99
4e109f34-f6dd-4817-9a95-e0fb71209bd1,14a29d5c-4c10-4821-8455-fd52b98deeaa,DirectPartners,14.12,0
bdc6bf41-7e19-40d6-8de8-0774c7af0202,d8a05708-eeec-47f0-ae9c-a258d79b6904,,0,4.99
af2d2cd4-e101-456e-a88e-6de678efabd6,805baf70-0409-4a7a-be71-7cd8b57075e4,DirectPartners,36.21,0
8a101b6c-01d7-4df9-b1b3-6f316b915cff,452ed5cc-b190-4b2e-b7c1-0245a2dd9258,SponsorConnect,8.54,0
d2d5b40a-1e4c-4fe8-a7f7-13a904b096a5,1c8b5d3c-e795-458b-a158-c2f88f46166d,SponsorConnect,20.78,0
b6169060-ec50-45fa-953d-39c8bd9e916f,fcb8e74a-d87d-4900-a566-81bb84711aaa,,0,19.99
29e0058f-a492-4322-8262-261e776c02a6,aac70511-9a21-4043-9de1-4f1d284dd5f3,,0,49.99
e6788e3a-2274-4b3c-baac-81f3f3555bf0,f625b28d-ca91-4536-a3bd-ec57f0777834,,0,49.99
4352229f-248c-4aca-917c-a5177121cd46,7047c726-606c-46e8-9f9b-59a9f1f3e290,NewsletterAds,25.74,0
77ba964b-5542-4c13-a6b1-f5a8229462ee,7a4cf824-11db-478e-8f36-15a5b2345d3a,,0,19.99
10aff0e5-114e-4e97-94e0-5aaccb37e23e,7e0b1205-00db-4830-96a8-3b55c9616b91,BrandBoost,31.09,0
939870e6-a21c-452a-9d55-22f82134e0cd,2612e17a-2569-459c-a978-8353f2dc12f6,AdNetwork1,23.1,0
76a5035e-073d-4318-bf09-f4b92d9b7490,e45f9986-1f6c-4665-91b1-fa0f7b360198,BrandBoost,49.55,0
2e11a367-0df7-4166-b0ea-d8e20d086200,ed736465-9534-4462-9874-49759ecde945,,0,19.99
dcb762c1-481a-4329-af7f-fbcf752b1ac4,afc2e2ae-77e3-4897-b324-1fe9d1fa6f97,,0,49.99
b14b8339-eff1-4fc3-8584-da40bb6fc39f,c588c082-73c3-4070-831b-92d7e984410d,SponsorConnect,1.5,0
efad9085-5dcf-4da3-9b0f-cfdb5f9074d4,cd8254fe-185c-48bb-bab4-e26c3d7cc049,DirectPartners,6.85,0
c3528718-9e29-4347-b6d2-6d727838d100,ed736465-9534-4462-9874-49759ecde945,,0,9.99
542b3d22-6194-4b6a-be1f-a6ac0c71cb4e,0c8bad69-8569-4786-aeb0-eb6a5f67793b,SponsorConnect,37.08,0
1ede1501-7663-49bb-b61e-9e7ba20682f1,d15fec3a-055a-4b54-8bb5-ef858c2cfab2,DirectPartners,13.53,0
4f911ea6-c8d6-4243-8cd6-b1c0af3a670d,7f96bc82-f70d-4707-bdae-19055979b251,DirectPartners,44.28,0
ba40b9bf-7044-40f5-8680-d9e23b181a0a,ef942e74-3ea8-47ca-8263-e3e23a78fd28,DirectPartners,41.71,0
15e2fb78-9d8b-4bd3-bf93-a68f91b04ad8,9e775823-e743-48ad-a65b-a3408dac14fb,DirectPartners,15.75,0
f8e4ac19-1b0e-4bd4-8a75-a17497e799a0,22dbb86d-1d68-4875-b18d-38c2d7f136f4,BrandBoost,46.19,0
de93db04-709a-47ae-a90d-42e3656f10be,1f2c38b5-8d67-4611-86fb-d6af08306458,AdNetwork1,28.93,0
26c62c09-d0ed-40dd-8a94-92ab17f372cf,431f0b95-4dee-4c9e-a6b3-857d18770cca,,0,19.99
0a9e097b-85c9-4b90-8dbe-3b3941093edd,090b7b3c-196e-49e3-a2bf-f99eb28aa26c,BrandBoost,43.57,0
cd2617c1-0959-4108-9cac-9eac194f3ab4,4987ba9b-ea90-41df-860d-b88637b44a6d,,0,29.99
cbbfcba1-c5cb-4b79-a028-662e90961a06,2612e17a-2569-459c-a978-8353f2dc12f6,AdNetwork1,4.41,0
6766d89a-59a2-4c24-9c91-2c2d095353f1,d94065e7-0d97-4d05-b52c-3b9a296af3a2,PremiumAds,37.63,0
e064e341-138a-4a0f-9293-567e226c376c,3d94b5d1-b0f7-4616-90a9-ef4f07e8bb74,,0,29.99
15b61791-176b-4218-acfb-94d11974bb72,59f6f6d1-f3d2-4f35-9846-a3b78710a4f7,PremiumAds,22.94,0
06ea774f-6ac9-40f6-b1c9-b573c656c3b8,26f27c8f-148e-4f2f-83ec-7d3e514a9960,,0,9.99
9c51aef9-f6fb-42a7-9ff3-89c8a138c398,1981f483-a57a-41fe-8403-3108b38f3ebd,NewsletterAds,35.99,0
0f845e5c-6c4d-40de-846c-a7a9d377c4e3,53c9db5a-6099-4aad-bb1c-43cb97e0a9c2,PremiumAds,44.71,0
f112bab4-6a2e-4b43-a6b0-aede5b07a1f3,b310fd4f-b707-4395-9453-26a18e45da24,PremiumAds,48.8,0
dbd508dc-12e5-4889-81d5-a444132d1f35,914001c1-156a-4af2-a927-48fb798ffd79,BrandBoost,47.28,0
fdfdfa1e-5e61-47e8-ad1e-18f99411f0a9,9494d2ca-4051-4731-8439-a197719a3dcb,DirectPartners,23.52,0
4e21408b-2c19-4bd6-a5c1-443ce52e66f0,e4f010c5-b761-415c-8ea1-bd39edf7bdff,SponsorConnect,29.82,0
5f1ac443-a425-494c-acc9-21bd467e1901,5a30985d-db00-4c73-aa69-a232e5d499fa,,0,9.99
83ff3971-7ca9-4b80-8cbd-d5f8b540a78a,acb16a7b-a955-45df-baca-f0c2e743726e,NewsletterAds,47.65,0
e2e4be46-2f05-44f6-8238-4e263c8720ff,e53fa1c9-8829-4843-8065-35a06e065ce3,,0,9.99
748ac83d-d468-43af-8213-0589f17efe5f,26bdb8b5-b3f6-4595-878b-b716beeb326e,NewsletterAds,41.86,0
41c1e224-708a-4f2e-a649-09a4171a182b,78fdc541-007e-4348-8d18-9493136d3bb3,NewsletterAds,39.65,0
8b8f546a-9073-4dc2-8a9e-3dcddc531b5e,fd1265e7-cc20-465c-8f46-ada75c997c70,PremiumAds,41.41,0
0bc49adf-6719-4b13-a25a-bb7fc1e8957c,1926cea6-8c3d-4fd8-9e8b-f1cc9d87cce5,,0,29.99
ee510f4f-2ae8-4fbf-80b5-667ac14e513b,66222515-fd7d-44a7-9702-b7f1bb4cf2af,SponsorConnect,30.61,0
a467cd59-db19-4947-ae13-0ac98286868b,f843653d-736d-4439-a354-91c55be356f1,,0,29.99
ad2fcc39-3a7c-48e4-9015-d550b3469fbe,417a9ca6-6b5c-4ada-9b46-ecdd932111c5,,0,9.99
1444b1ac-cda0-4934-a3f4-2326c01e590c,f2beb1c1-a198-44f6-9b73-fa884024f183,PremiumAds,12.52,0
cbf837e7-42f1-4121-b904-4512d96924ef,54b9ae0d-728e-4c7f-8f1a-d68e76c37882,,0,19.99
13750768-e50f-4aee-9662-850cfb19b1e1,fc3da23e-9b1f-4d05-a062-a3ba4569515a,,0,29.99
f1ebc626-2121-4d89-8462-7bcaa0618fe5,ed736465-9534-4462-9874-49759ecde945,,0,4.99
72db62d7-9140-4fd6-97bb-e0ca2b7b9783,0639b122-5d91-4fb9-9d30-d233206caede,DirectPartners,44.69,0
3b75b3ca-b055-474c-b43c-ae95b8c74026,2d610009-b106-4965-b68c-a426d7ec31b4,,0,49.99
43b68ca3-db9e-476e-a8ed-7d800d20b16e,fac1844a-a396-439c-99ac-2671a9444a72,PremiumAds,12.34,0
b9a5f4c7-0878-4345-a78a-c6f5684d4ab2,019506c8-990f-402f-b0ff-1e3e7dc320b9,NewsletterAds,33.51,0
f7beda7f-6659-42d7-81de-f90be9cf1896,b8c60729-70c1-4a4f-86e6-83bfcab372e6,,0,49.99
2fafd09f-7219-45a2-bdf5-2ea73071bbb3,6cf7ca6c-13cd-4a13-9a4a-f4501040ab36,BrandBoost,49.17,0
cde2803c-ddfb-4ec8-a021-1afa6c8a8060,886d7baf-cb14-43a0-8100-6e3bed295568,BrandBoost,42.31,0
e638f2cb-7738-4530-8f08-a7edebfca99c,225bd6f4-0fa1-4851-90a0-4623b99819ab,PremiumAds,25.45,0
fccb1a03-61e4-4b45-b842-04e61c601316,41056f46-cf87-40e0-8449-cc81f227bce5,NewsletterAds,27.82,0
07ee3c2c-d8ad-4b6d-bb32-02f389f3de01,c48d9ec8-9395-4b15-b723-64e499db8db2,PremiumAds,14.98,0
dfe297f3-abfe-4d06-822f-a2cef1aa12e0,886d7baf-cb14-43a0-8100-6e3bed295568,PremiumAds,25.89,0
1c0640e6-bd24-4bde-9a5e-b1a1aa51a2a6,03907816-347e-4579-8f3e-faa2047d5400,DirectPartners,44.37,0
42fa320b-bdf3-415c-8f10-ceb348fbdd9f,afc2e2ae-77e3-4897-b324-1fe9d1fa6f97,,0,29.99
3995a1b3-83ca-468c-a7e2-a22690643df7,8b4778b2-77f0-42b6-b450-43ede5689c3b,SponsorConnect,4.62,0
b50a942a-42bb-4865-837d-0a19564e95d7,65afe520-72d9-47c2-bd94-c1ee90058aab,DirectPartners,33.04,0
a846867e-863d-4753-a958-bfe63bcd4045,3f6fc565-0e2e-48eb-ba01-fb7ca31d4c08,,0,49.99
85ba706e-feb6-4b6e-a609-882794c6109d,9f47b241-4e7b-453f-97cd-cffcde527078,DirectPartners,7.49,0
3953e0e6-5189-442c-8ac8-fe52ad2760e4,fc3da23e-9b1f-4d05-a062-a3ba4569515a,,0,9.99
b3d6a25e-b952-48b8-a132-452a038fc6b3,85024bf9-9be5-49dd-aac3-19927157219d,,0,49.99
e2cda50c-7bec-4dc0-a200-8712df862b6f,4f193b32-66a8-40e6-ba14-65ff65537ef4,NewsletterAds,33.75,0
31edffe8-d58b-4425-902a-aa3e10931d92,afc2e2ae-77e3-4897-b324-1fe9d1fa6f97,SponsorConnect,25.96,0
2ddd0a4e-f7b6-4c6d-beb4-b1c492b78be8,b19372b9-6c0d-4be9-9042-223c09fbe58c,,0,49.99
e4cecd4c-3431-450b-ab37-121223f5c13d,831fefce-e99a-482e-8104-c139fdf1899b,AdNetwork1,1.64,0
6756c1c2-df8e-448a-ab65-f1e8cc855af4,7a4cf824-11db-478e-8f36-15a5b2345d3a,,0,29.99
6cb0bcf6-121b-4073-92cf-d43a517ea9c1,4a03ee33-e7cf-46af-9fef-95f65cc8a00a,,0,29.99
6c4764dd-3cf9-4c03-a62e-4bbbd3397b57,5874a313-6c82-4e7a-beb9-776af97eb06c,DirectPartners,11.13,0
f6d7a1ca-d5d2-462c-b84a-df92bbd30fec,440e7f09-63c1-4c97-9ba0-276990ada136,SponsorConnect,19.66,0
dbb9732d-8f8c-478d-9c91-4690af0bb420,3ebe6c0b-c713-4986-9c44-ee5aa1813304,,0,29.99
485d5987-278d-4a4a-941f-2437d29b38c6,386d158d-ebf7-4a13-8889-dd070017902d,,0,19.99
3f715900-b5e1-4cc3-af98-aa251ed064de,9cefa53c-b982-41a3-ba9f-d6efa53cf486,NewsletterAds,1.81,0
661a9363-57ba-4112-8597-04d1b8d85322,01dcb21c-5099-4076-8d45-26a349f5fddb,,0,9.99
720c1dc7-bb15-4464-b460-c09fc40b67ea,e4f010c5-b761-415c-8ea1-bd39edf7bdff,SponsorConnect,47.05,0
675ff7c3-6626-45b8-95b9-00837bb9bc48,772d8f0e-b82b-4a11-b76f-9968af1725a4,DirectPartners,32.11,0
9f54dba4-0084-4360-a5d6-a2a9bbdc77d3,ea9c4558-36f0-4ca9-9d43-9b35097bfa6b,BrandBoost,41.58,0
7bad9129-4d09-4539-8652-52928034058b,1026cae6-ab00-4fd1-b4a7-1cef116cef79,PremiumAds,6.67,0
141a0493-c283-46bd-8d62-6b4b6dbd4b41,7e4e29f2-7255-4e83-8b95-a7a018ad1771,DirectPartners,37.41,0
f1f0db5c-f0a9-49a4-88eb-9b4ffc0a5837,9368f4db-c2f7-4a83-8e70-f19e090a0773,,0,9.99
2a840bdd-3754-4bfd-90b9-cb4d1c0a5849,9494d2ca-4051-4731-8439-a197719a3dcb,,0,9.99
4006cafa-2db1-4f44-92c7-214c3aa006e2,c4609718-da7d-40f2-b195-7558514e6846,,0,29.99
829769c0-60d0-4f5e-a59d-006f50625298,b310fd4f-b707-4395-9453-26a18e45da24,,0,29.99
1fcdbc80-e5c7-4e8d-9325-4e465601b8bc,7fa8d19d-4c7e-4119-9185-343bd01c85e7,,0,49.99
aee970dc-8f2f-4d1b-b1a0-1ce1a2ebb7f9,550f9b71-c29b-4367-b62e-a8e59d93183a,,0,19.99
9376e1a7-e2eb-4426-92a5-1d021536edca,dcde6e1e-bc73-4ae1-ba40-935db2e4ab34,BrandBoost,47.2,0
b3ffea11-5cb1-4746-b76c-7ab5daa19ebc,cb6cabc1-10ab-4712-95db-ff113f0f8c77,,0,19.99
335b910e-37e6-47d9-afa8-14b2a182b63d,4f193b32-66a8-40e6-ba14-65ff65537ef4,,0,9.99
8168df48-39af-4c44-b0ad-9909457428cc,0d3c2707-26ca-403d-a9e1-adbf97d939e4,PremiumAds,33.01,0
a54b4b73-13e2-4d7a-ac73-0801a9a3efa1,0b14802b-c317-416d-82e6-51c7f99aefe4,,0,19.99
d9b131d1-ddbe-4282-86d4-5b584ea436e7,a73fee13-449f-45cb-8b21-6267303dd262,AdNetwork1,35.76,0
a74ea12c-f988-4d9d-9c7c-5c480fd38802,1ccba697-0102-42fa-8ab5-47e76e73e813,DirectPartners,32.68,0
db1a872e-1615-4bef-9b68-834271d968b6,b4cac04c-e459-4336-aab2-f8c67fc1bce2,BrandBoost,12.06,0
25500f1a-a965-4f2d-aa00-a7c8e1762a91,b3b1a102-1f99-41c9-bd56-7ea186255aa3,,0,49.99
5615dab4-93b6-4a0f-b0d6-ce710c733975,7b76cac7-6a4b-48e3-91f4-11209d0c8cff,DirectPartners,29.03,0
b69bffbc-5af5-441c-9eb9-9544c001c97e,96e376c1-9e6b-45eb-8f3e-2d0d90de5b36,BrandBoost,4.23,0
1f52b67b-9278-4352-aff7-853a4b2e4ce7,2b4c52ce-ba08-4972-9907-9aa0242e1f63,PremiumAds,4.32,0
9c642eea-c102-45ad-9aa4-af3e41e34b69,d87995a8-5f48-4599-ac6c-41b7692a22ba,SponsorConnect,11.08,0
8cb2dbf1-0ffa-4403-8553-4bf6f2a2f8f7,78481247-5e18-45d9-aacd-0d095f17f5b9,,0,29.99
68b62292-c59e-462b-ac14-d53f0506d050,440e7f09-63c1-4c97-9ba0-276990ada136,BrandBoost,17.0,0
8c6c51b2-a632-485c-a898-cf40cee43871,59f6f6d1-f3d2-4f35-9846-a3b78710a4f7,BrandBoost,21.91,0
08b00031-4186-4a22-b300-1be8d5339647,fb6460ef-ee53-4343-870d-ac69bfd70966,SponsorConnect,44.19,0
e5edc7f8-e745-4766-be47-05ab1cffc28f,0639b122-5d91-4fb9-9d30-d233206caede,,0,4.99
a5fa747e-e31b-4f7a-8b05-c6e79b088263,2a1348c7-80ba-41ad-8f0e-a54ee41986df,,0,9.99
c5c73ab3-eab5-47da-8d1f-8abab8ab8c9e,1d9a961d-1fb3-4648-af7a-eedb59e7a45e,,0,4.99
daae7284-70e1-46b4-91bf-7d8e5acacc2e,4f193b32-66a8-40e6-ba14-65ff65537ef4,,0,29.99
9d0329ef-0d11-4128-9917-84a754d40354,0732072f-4f63-40e4-9fad-d24adecd0b93,,0,9.99
8f8c5e58-0c22-47ac-90d1-cd02a32c7cdb,381e6912-2b90-435a-aa02-62e48c990964,PremiumAds,33.07,0
5ab8daf5-b976-47ec-9c32-77cc587f455d,b318de61-6e14-4bec-91ba-57aa34b0a9b5,SponsorConnect,39.76,0
106fa696-d87d-4157-8cc0-6f15cc6436d2,6c0d0da9-fd3e-4a3f-975c-2670b43b9b26,AdNetwork1,16.03,0
863e7739-97e4-4cbb-a95c-86c712ea75e3,fcb8e74a-d87d-4900-a566-81bb84711aaa,,0,29.99
1e648190-5ce6-4c99-ad36-51566e2076dc,c75ada29-5c98-45fa-876a-eee50c0fd403,AdNetwork1,4.31,0
90750627-7c3c-4ef3-b441-494a87dde1ac,772d8f0e-b82b-4a11-b76f-9968af1725a4,,0,49.99
01ced8a4-9cde-4556-bac7-7003cadcfb8c,78fdc541-007e-4348-8d18-9493136d3bb3,,0,29.99
590b1e5f-55ce-4db4-9451-6ef821200c80,0732072f-4f63-40e4-9fad-d24adecd0b93,NewsletterAds,16.14,0
978d568c-00d3-4dd1-bf21-74cf402b04ce,fe661fcf-edca-4d68-8fad-14b4f0283e66,SponsorConnect,18.21,0
8d0f14cc-4aa1-4cdc-9e88-cb9e52afe327,e2a8ccd3-f092-499c-a95c-32c0199a444d,,0,49.99
eca58f61-9475-42fa-b839-7ac702127586,8c079efe-2d86-44da-acf2-26fec268c1d7,,0,9.99
924bb285-785a-43be-9bf5-497fde8b2361,17552c6c-71f6-4f3e-982c-a6e0c3f8dc54,NewsletterAds,36.19,0
8ec32bf7-5bc1-4007-8421-31c1f7fee333,f843653d-736d-4439-a354-91c55be356f1,AdNetwork1,4.11,0
5d6e0e4a-acee-4fb8-a5e7-a1e80e89e9af,ea5e8b3b-83c6-47cb-b071-a0cd64ab01dc,DirectPartners,25.55,0
4528e480-fb42-4055-ab3a-ab26a26b0204,40bd6bdc-24d4-4858-83e8-81ac4df25303,DirectPartners,21.98,0
f798ac94-1bbc-4e98-bc42-6e8e60e6d21d,0b9e29af-d298-4e5f-8f5a-9a756c086d88,,0,29.99
0701aed6-68e0-4e68-abd3-5b65714f71b0,85928edf-92ea-435b-ab65-1b57d745bd95,,0,19.99
a9115df2-eac4-4272-8e37-46c9e044d3f2,fac1844a-a396-439c-99ac-2671a9444a72,,0,19.99
ac068e47-c91e-4d59-acc1-bd8c17303f31,b85ee2bf-5fd4-490c-964b-df91b2be8042,,0,4.99
88edced8-2332-4134-8b35-d0491a8bd674,4872568b-20b3-42d1-bd59-b8660d945728,PremiumAds,21.15,0
810e87bb-7a02-44ed-a107-3a39243a0de0,f65586bd-d648-45a4-b1a7-f1dbd8a7de9d,AdNetwork1,36.08,0
f4ca3406-25d6-4553-9313-9b7c2b4807b5,af5d9ff8-b143-41a7-bbb9-9b06cd6f099b,DirectPartners,32.72,0
96d3f6bd-8fbc-4783-8993-87aaa612f73a,f82da9b1-7f26-4fb5-b21a-d02cfa371762,,0,19.99
9c5f6ee2-abd0-4ca7-8c95-b58974f91066,531c3f51-5597-448f-b10f-8dd78f6a948c,SponsorConnect,30.03,0
a49c6440-52bb-492f-9c5a-a380ad939960,568688ce-5ddd-4d86-bc8c-80fe69184e6c,AdNetwork1,41.91,0
e1bac420-76ba-4f3a-830c-ae1bd216a739,51bc4c7e-9d67-43a8-8e6e-abd481bf6bf8,DirectPartners,38.96,0
19b07b4e-908d-4937-8c50-f7adb6b61aa9,bcf1e356-7374-48e1-bc92-29c189d98524,,0,9.99
4cac8c06-43a1-4333-8946-b28c6c50694f,88128aa5-7e34-4e7c-b381-cdaf0ea24e67,,0,29.99
8510ab72-e66b-47ca-bdbe-b1c1b2d5ff43,fe661fcf-edca-4d68-8fad-14b4f0283e66,AdNetwork1,30.99,0
f2cd476e-15ea-4e05-aeb8-a9e89352e817,24513dc2-a215-4ee3-a6ae-57e254d05fc2,,0,4.99
47f36567-dd29-4689-920b-18fa318d91ca,f63ff0ad-61a9-4aa7-93c6-c08f5bc56b7e,AdNetwork1,26.33,0
196b19e5-697e-43b3-995e-c1cb1a6cc53c,ac45e8f0-e927-4f0d-84fd-210269238553,DirectPartners,43.48,0
59e5fee9-6242-4d49-8462-d6a6770f9f71,069061db-65a6-4cba-b962-eb56910ad448,PremiumAds,30.36,0
e510987c-d44b-490a-8a35-5543f13102d2,2e4c09cc-eea4-451e-ab0d-c8a4882e0370,AdNetwork1,11.66,0
6716aaff-d423-457d-a550-a9ad428ced2b,3423b6f6-a57f-4b0b-89c1-c1bfa7f8222a,NewsletterAds,46.15,0
f9ecb6b8-cd80-4f4f-aa05-30965e6d38be,29bf1c96-d42e-4e5f-8c1c-8738ad8b94a3,,0,49.99
f498673c-86a1-4510-b966-362e290375d2,54b9ae0d-728e-4c7f-8f1a-d68e76c37882,,0,9.99
5cf58fa4-164e-444c-9e59-988d810f3417,914001c1-156a-4af2-a927-48fb798ffd79,,0,29.99
f74ca6d9-e55f-4c2d-a2fb-10d3f8db9ae1,47722bd9-56de-43af-b244-decaf8080912,,0,19.99
a199c456-e98f-4dc4-b192-8c1c569718ff,090f8dd9-a1ed-4060-b4d9-c91a95a7afa2,,0,49.99
5aeff551-6ff4-44b8-acb7-09b431bd095b,54b9ae0d-728e-4c7f-8f1a-d68e76c37882,BrandBoost,28.84,0
09759b1f-398b-40e9-a282-6300ecc44611,1026cae6-ab00-4fd1-b4a7-1cef116cef79,SponsorConnect,11.54,0
d043f1f5-7b9b-477a-b964-ca28fef221b1,36bad9f4-e83d-478c-94b9-a78e1867252f,,0,19.99
8b84b391-f20d-43fc-bef1-b979e071ce59,7a4cf824-11db-478e-8f36-15a5b2345d3a,,0,9.99
18bfd737-1bb1-4768-8d0e-41b444eefbd4,b133cb6b-a5de-4369-8263-2b1525c22f14,,0,19.99
dd2d6d98-a7a9-4284-be33-109e5bf9fc32,41bda46a-6f23-4084-896d-90d1618eab12,DirectPartners,31.62,0
d46f9b0b-abdd-48fa-8cb0-171e61bfd66c,1b46a5e1-1de8-490c-bf6a-a44167126b2b,SponsorConnect,1.42,0
5a4267b2-7fc2-4236-800c-b3e2aded6f6e,3423b6f6-a57f-4b0b-89c1-c1bfa7f8222a,DirectPartners,36.89,0
66756b96-6c93-40da-913e-4c81e6f64667,89de52a1-50c5-495b-a4ec-245e07bec7df,,0,19.99
b6cd2305-1415-4a41-9c1a-0f38ac2f4f2c,f64f376b-e62b-436d-b21a-3ee548c376dd,BrandBoost,7.76,0
57104af9-3b60-435d-93fe-6676c248a33e,9d9c78db-aba1-429c-9d20-0716c94dfc3b,NewsletterAds,43.12,0
e95541a6-98d3-4662-9278-f77bc78b21f7,e44b5bd1-288a-4988-9341-3c3b4a0308b1,,0,29.99
4e039aed-992b-439b-a7ce-e63c0004dc1c,82792866-6714-45d3-b12e-75442cf5a9c6,DirectPartners,28.99,0
ba6bb73d-2f5a-4192-9f8b-ea70039fbcf2,9494d2ca-4051-4731-8439-a197719a3dcb,,0,29.99
2290bc86-f464-4a89-a379-625b1ca7f235,f4680894-77a8-4f5b-a8b1-ef19701974e0,PremiumAds,13.67,0
0d611e95-03ae-4e3e-a1b0-df27453c97a1,062f973b-ebfa-4cd7-8aff-0482f5f28337,,0,9.99
2319f1e1-da8e-47db-9dd7-e2847d014edf,090f8dd9-a1ed-4060-b4d9-c91a95a7afa2,,0,19.99
517bb4ff-9cef-48a9-9ba3-67bcc14dc4ab,69c07b64-c979-4d20-bc69-0bda53adc2a6,DirectPartners,49.91,0
17495e3e-a95b-4097-972d-a0c327ff3ace,89de52a1-50c5-495b-a4ec-245e07bec7df,,0,29.99
14309f7f-a737-4ab8-9aa7-a4b09d54a151,27b613a8-bf8b-4623-bc66-490ed5602ecc,,0,49.99
a1f1c835-75e4-490a-adc1-28be4b23208a,f198609e-2c6f-41a4-a5c5-858c9cbb5cf2,SponsorConnect,28.05,0
554a22fe-72f2-4a2a-ac17-8387f8f7c96a,1b46a5e1-1de8-490c-bf6a-a44167126b2b,,0,49.99
3bac252f-592e-40d0-a937-859f075eb682,b4cac04c-e459-4336-aab2-f8c67fc1bce2,DirectPartners,49.66,0
c3a6e5d7-7d41-405f-82ca-e783521e92e9,40bd6bdc-24d4-4858-83e8-81ac4df25303,,0,19.99
0c1d402d-066d-4f35-bd71-77724747d211,b6d4f513-7e90-4823-b60c-8cb1736f9fa5,NewsletterAds,46.64,0
27a1bc60-fe6f-4eea-a9c2-b991a2df3167,6d7016b8-9073-4ddb-acd8-eaedb728a042,AdNetwork1,6.93,0
e8a4b85e-2805-4a0e-a359-e12a030be35d,e9cb7b8b-c1d7-4346-a7cd-5d860e24e1af,,0,9.99
9cf7adc5-c4ae-4006-9bb6-c914c279c1e9,5f829de2-a75a-475b-b584-180e63be7762,,0,19.99
33e8acae-bcdb-4403-931c-62a61d717a3b,4f193b32-66a8-40e6-ba14-65ff65537ef4,SponsorConnect,17.16,0
ce293533-28a7-4358-8af3-8914261262b5,6f4964e2-db03-47c1-bbcd-acc8cfbc17b0,,0,9.99
8c891d68-9a1d-4bf0-92af-b89f362f4d4d,de75377a-5706-4f52-a5fc-a8347b502d49,,0,4.99
8155c40f-42c3-4593-9ca7-eb30e410d3a1,f12491b3-4e40-4409-8b6f-608d3bb9d621,,0,19.99
9166ee0d-3399-461a-b5c6-79daa8f49eb5,aa8c3b09-a225-4992-9b2b-42d15fe0fb2a,DirectPartners,44.99,0
89d1e617-5f28-474d-99c3-d662f0b49d87,5f3b5949-9df0-4f45-8d2f-f105cc73e896,DirectPartners,2.1,0
3fade975-52d8-45e5-a542-9ef08c5f24aa,52765d27-d3a1-44fa-9fde-0121a017ab9f,PremiumAds,45.28,0
7116bfeb-51e5-4ece-b7f1-ca1b3b7448f0,66bfdff4-bdb5-4982-9804-ba516921a175,,0,19.99
7c1b9c43-2126-4b71-8e33-bf667b27e9d9,59255526-45ca-4855-9d65-c9e5225412fb,,0,4.99
9c7eadf4-d019-4a37-88e6-bd4d95aee29c,f4680894-77a8-4f5b-a8b1-ef19701974e0,NewsletterAds,10.28,0
a1014b2b-7e4c-425c-9ccd-b2c6fb0d1ec2,cb6cabc1-10ab-4712-95db-ff113f0f8c77,PremiumAds,23.3,0
14a8f4b1-91cf-4ebd-9b9d-dbc93f1504fe,0c8bad69-8569-4786-aeb0-eb6a5f67793b,SponsorConnect,19.51,0
c8a8c874-f26f-4d8d-b6ee-5d1bfc261a89,b04ae686-4e9f-4f97-a43d-97b9d5f267c9,DirectPartners,43.25,0
00de8351-327b-4335-a9a9-04bf51634f6a,65afe520-72d9-47c2-bd94-c1ee90058aab,NewsletterAds,27.98,0
5cd46a48-1b0f-4cdb-b535-edde9a71955f,e4b1d81f-20c2-4af4-8cd0-a950e0fa074d,PremiumAds,35.43,0
75a768b6-b176-44cb-b6a4-c09e03c1c2c6,6d9c4fe2-f1bd-487f-9de2-8e0513505be4,,0,49.99
76d0ad32-04cf-4b64-a0fd-b89429a57cb0,863b45c6-b379-4c46-9427-6110bbdcddc4,BrandBoost,38.49,0
f1493cf6-5fa5-4363-9084-74242f22ec58,29dc6df3-1e0a-4379-833b-13438fd960eb,,0,29.99
be08ee0b-e236-4815-b55c-a599dcd196c7,3c8c6679-5cd8-4c76-a0d1-8dc6eeaa0f04,SponsorConnect,4.56,0
374e4305-a72e-423f-b691-e55cb700b656,66222515-fd7d-44a7-9702-b7f1bb4cf2af,,0,49.99
d90689c6-cb7d-493b-971a-50f960c0203e,85bce3a4-6632-4236-b5b0-5b03198e1bd2,,0,19.99
e94ab965-2ef3-4238-b5f8-3ffd367a06c0,e2a80a89-f7f4-4268-a9f5-94f342d74ccb,AdNetwork1,32.98,0
3074f19f-4a2e-4445-bfe4-0502271ee98f,a2cd789a-32f5-4181-b028-bcd7d0b3258b,,0,19.99
8f5f16cc-bccd-4e8e-a909-ab27786b6ee5,57e10b91-6f1b-4b22-80fc-ba56a50d5e6e,PremiumAds,45.48,0
bbd7f432-c1b3-431e-b734-cd7a39cf9b23,2de835c9-e401-485a-906e-882c7c448d16,PremiumAds,34.17,0
60b5dfc4-6cc5-4dc0-a772-95f738f7bafd,f1356ed4-7a49-4c4c-9ca4-39e34c84c6a7,,0,9.99
2d0e4111-00e5-462b-81dc-614c47e5a6bf,8ac621c2-89c9-40a8-ab65-ee04fe6ad2b1,DirectPartners,10.09,0
06d3420b-0b3d-4bfb-91b6-1466795ad2e6,b95d010d-1df3-42a2-9c66-7e6eb128fa42,AdNetwork1,25.96,0
f21cfb8b-6807-49e6-adc3-4b7f363fe4f6,692aa45c-02a2-46c3-83e0-098aa6073720,,0,49.99
9a4be15e-ded6-4476-aa0e-ed7c424d38d1,b574c172-f3bc-430b-a41a-57c572ab0225,,0,19.99
2a93b2d2-c6ea-48f8-8c8a-27a558f8fa92,24f4a1a2-0e04-4596-b365-4c792dc6315f,,0,29.99
db837702-3a1a-4545-90a5-e6c9f2719540,fac1844a-a396-439c-99ac-2671a9444a72,PremiumAds,33.98,0
8f5d9516-028d-49d7-998c-26495bc655ae,0b9e29af-d298-4e5f-8f5a-9a756c086d88,PremiumAds,19.0,0
a5d587f7-2506-474b-90cb-c92082586491,b85ee2bf-5fd4-490c-964b-df91b2be8042,BrandBoost,6.77,0
592b55f8-9fc4-445c-9d6e-57ac2c2ac77a,73cbb5f1-2fb5-482a-a5ce-70233ca897f0,,0,9.99
1e223ead-9d1c-4c43-b30a-b6f4084e3cd4,2612e17a-2569-459c-a978-8353f2dc12f6,,0,29.99
cc754031-071c-44c1-9e12-8c63760196e0,d15fec3a-055a-4b54-8bb5-ef858c2cfab2,,0,9.99
e8c03c75-e5e4-45af-9c9f-48b4900621ec,88128aa5-7e34-4e7c-b381-cdaf0ea24e67,,0,19.99
a164c6e2-5cfa-4bbf-b5fb-c7bf8a9d31dd,b8c60729-70c1-4a4f-86e6-83bfcab372e6,,0,49.99
982bc68c-e7cd-4278-8831-ed9d36bce743,3423b6f6-a57f-4b0b-89c1-c1bfa7f8222a,BrandBoost,5.14,0
f10b5c9c-ce03-4f22-a0f7-a49bd896a345,0639b122-5d91-4fb9-9d30-d233206caede,DirectPartners,31.97,0
32d33991-6ac5-47f3-aa9d-76a4302e010f,3d94b5d1-b0f7-4616-90a9-ef4f07e8bb74,AdNetwork1,16.55,0
40cf90e8-c525-441a-a73c-70383d0c0399,2612e17a-2569-459c-a978-8353f2dc12f6,SponsorConnect,39.95,0
09e80657-6c87-4462-8088-16324ff7ee39,b85ee2bf-5fd4-490c-964b-df91b2be8042,BrandBoost,15.78,0
833df2e4-79c6-4520-96e3-70a1f2f20461,650de24f-7a31-4b05-9f5d-b2a8817df0b6,,0,9.99
e4a86525-d770-4af9-8c89-2fbc7459764b,3a980254-11c7-4318-a826-10c743fd97ea,,0,19.99
18885fdb-d672-4475-ae8c-c1e4359bd5f9,77e36e32-16f6-4ffe-ad24-9bdfeeadc3f2,DirectPartners,4.84,0
3282d996-6061-4864-af56-7bd4e011da68,28387536-523e-4bd1-9b00-6ba54c6158ee,,0,9.99
8983ab0e-5979-498c-ae51-1ab630861ad6,a09adfe6-8650-4e04-8329-e2655db4e5cc,NewsletterAds,34.76,0
c7b9806f-8032-4ce2-aba9-32d277ce3fe2,7a4cf824-11db-478e-8f36-15a5b2345d3a,AdNetwork1,21.32,0
0d65293e-dd77-46b2-924c-488f5830c71f,d7e59146-5b43-4f75-a34c-e7ab83b226a1,,0,49.99
0e059b26-0741-49a5-8ff9-5ea5f8eadb50,440e7f09-63c1-4c97-9ba0-276990ada136,BrandBoost,49.72,0
75939241-9639-47b8-ab66-855f8d629b27,531c3f51-5597-448f-b10f-8dd78f6a948c,SponsorConnect,38.62,0
636d0e8e-2ebd-4d20-88a8-77c542124281,62d68406-250b-456c-b6c4-39dc22b732e3,BrandBoost,25.59,0
74647347-9080-4bb3-947c-27301950f883,3cc6d875-11b8-4799-ba04-9764fcfc7afc,,0,19.99
daea9a9f-c2bc-4a67-b8d8-cad47bf1b5ac,6d1bcc02-5d4a-4f9f-b40c-3cdd41f68854,PremiumAds,33.66,0
10535014-c755-4059-8a78-dbdb5b821462,4a09a593-6217-4364-9098-534109628c62,,0,29.99
e4d5df77-42b1-4da2-af4c-0054edd4936a,68e4cdea-3225-494c-9baa-a5de09548c91,,0,29.99
c89614f5-3444-4ba2-adb4-fe131f66a792,fb6460ef-ee53-4343-870d-ac69bfd70966,,0,49.99
108e81e6-a799-43ed-8023-92b7136c51bb,9af008de-e229-4785-83b1-0f576c97967b,,0,29.99
778df305-ac1f-4d3e-8736-b0bd509ed321,262fd59f-ed4e-4e67-a7cf-67bd33322805,,0,19.99
f0662bad-b1c7-4e3d-95c7-8ded29adbbd6,1f1c088c-43a2-4253-a317-80da0f00a359,,0,49.99
f3a0333a-965c-4607-8b4f-cc25c95c8f03,88128aa5-7e34-4e7c-b381-cdaf0ea24e67,AdNetwork1,30.91,0
74049d23-7338-4a56-b5ff-d0aca9aa57c0,cd60b5ea-bcef-4df0-ac66-78feda1198a2,AdNetwork1,44.04,0
59b8b69b-2080-4caf-96f2-567f37549490,38c0dc90-d25d-4f98-b137-025231d7e1fc,DirectPartners,19.06,0
24efa98c-18da-4dd2-aa44-c2fa579d30e0,ed35d3db-fc17-4364-8e36-1e6daeb4c3d7,SponsorConnect,4.5,0
137ac72a-6e20-41de-9b03-0a13c3f4ad2c,faf46ab6-51be-4d0f-b693-89fd31377beb,,0,49.99
6c0d865b-2998-46a1-b61d-ecbf17f28061,807496fd-aaa3-4c8a-8fbb-85b88eb207e3,,0,49.99
77123d1f-dc65-4ac4-b71c-a7fd272803d8,fc55337c-a946-462d-a32d-b285f44e6e7f,BrandBoost,34.46,0
ce2cdc22-79e4-4597-8382-83b6da123132,225bd6f4-0fa1-4851-90a0-4623b99819ab,DirectPartners,49.6,0
573ab272-1356-405d-a95a-c77064889b55,27b613a8-bf8b-4623-bc66-490ed5602ecc,,0,19.99
ede0acfb-7d46-4923-92cc-aa231551e48d,f198609e-2c6f-41a4-a5c5-858c9cbb5cf2,PremiumAds,23.84,0
1baac178-7a04-42fb-bad5-05ca097d3c1a,c48d9ec8-9395-4b15-b723-64e499db8db2,AdNetwork1,16.31,0
eb335b48-3157-4970-8260-d56e9fa08ee4,181b9bc7-d799-42f4-bf47-12a211eb4605,,0,49.99
ddc76f39-1627-4813-b35f-035c7d7c4aa2,2de835c9-e401-485a-906e-882c7c448d16,SponsorConnect,15.08,0
4a702c06-956f-4cef-905f-6991a7c471d6,fc3da23e-9b1f-4d05-a062-a3ba4569515a,SponsorConnect,16.59,0
2f6d1a26-8574-4287-804b-9b9ecd5d55a0,d94065e7-0d97-4d05-b52c-3b9a296af3a2,NewsletterAds,35.63,0
711e8488-42c9-4f64-9ed7-564c1541401f,2a6e23be-9a0a-4305-86d3-b1625b72a965,NewsletterAds,36.86,0
ecc756c6-8ab7-4c12-bed1-dd7fcb4da586,9b32e1ae-c7d8-4477-8bb5-270225eaada3,BrandBoost,33.1,0
f9665c90-0870-462e-8b17-fecb89510ac1,e45f9986-1f6c-4665-91b1-fa0f7b360198,,0,4.99
0523e663-c2bd-411c-9745-d25cb6e74189,b95d010d-1df3-42a2-9c66-7e6eb128fa42,,0,29.99
2d7a9209-df21-4bbd-806e-ed5d797d0c36,1fec6e02-257b-49c5-8b59-54fc5a9c2c6c,AdNetwork1,48.52,0
530ad730-48bf-4fe3-b270-7ab50766434d,056daa9e-840c-48aa-a2a1-77683c3a1062,PremiumAds,7.33,0
f7fad105-34ef-438b-9304-41c4f070c695,056daa9e-840c-48aa-a2a1-77683c3a1062,BrandBoost,29.71,0
94404120-ed23-4d43-bead-3f0627fb2950,d0785454-918b-4da2-87ef-493d189a785e,PremiumAds,44.74,0
43fd8d6c-fd18-4ba0-b56d-30120b5d844f,22dbb86d-1d68-4875-b18d-38c2d7f136f4,PremiumAds,20.53,0
932caae3-fb1f-465e-9b1c-9929227bf33c,4a03ee33-e7cf-46af-9fef-95f65cc8a00a,NewsletterAds,47.31,0
75433b8d-a1d5-4e6a-88c6-5f5f4ba312cd,1f2c38b5-8d67-4611-86fb-d6af08306458,NewsletterAds,19.83,0
dc3ad45e-e1d1-40fd-ad41-3ea54532805b,59255526-45ca-4855-9d65-c9e5225412fb,,0,9.99
9d5153bd-2a8b-41e1-95c3-032b0f18ec84,ae952426-a499-409c-8281-1489c6e80c15,,0,9.99
44dfc9fd-fd1a-4717-85b5-d91d93686d78,689cfb91-db04-4539-a162-e9d44e29b4bf,,0,19.99
28d3ba54-8922-437b-96c6-638e544f6f7b,6f4964e2-db03-47c1-bbcd-acc8cfbc17b0,AdNetwork1,42.09,0
a2997442-e2b6-4aad-b0ad-abcaa13ff97b,165ac2e1-abb7-4069-b49a-6c497de14726,SponsorConnect,13.16,0
6f827338-524e-4492-975f-16e31fec65de,f1356ed4-7a49-4c4c-9ca4-39e34c84c6a7,,0,4.99
9705b182-8897-463b-91fa-afd825639ede,a0c2ace5-3bdb-4a42-93a1-22f0b7093989,DirectPartners,33.88,0
30434d7e-359a-461c-8147-81902ea7e685,e4b4986a-ce2f-4c65-9a74-acf09febe9f9,,0,4.99
5432a272-6c37-4341-a0e4-8685c2dbdfe7,b4cac04c-e459-4336-aab2-f8c67fc1bce2,PremiumAds,40.32,0
4f59dcc0-b1c0-4a36-86a1-a4af86514069,772d8f0e-b82b-4a11-b76f-9968af1725a4,,0,29.99
83e8d6cb-5cd4-4c5d-a382-04c4133b2d38,6078e51a-194c-4600-8a2b-7905c9fff68e,,0,19.99
84ec5c7e-4937-40a3-991a-5d510205a31a,29bf1c96-d42e-4e5f-8c1c-8738ad8b94a3,,0,4.99
abd865c4-30fb-4251-a13d-4964385d3fa2,7ec5db87-a8b7-4dcd-a620-8ad1addf6f6e,DirectPartners,40.27,0
3eeaa15d-c008-4870-915f-69d585b2d59c,5b42b1c6-a383-464d-8d09-64bf629bba76,,0,4.99
456f5088-4e4a-4e93-8327-29664334459a,2612e17a-2569-459c-a978-8353f2dc12f6,,0,19.99
b4289eb8-c0ee-4a21-bfa1-734a08451d93,1f1c088c-43a2-4253-a317-80da0f00a359,PremiumAds,28.85,0
c6d829e0-4326-4427-b84d-fceddcbd8072,b1cd8d06-88db-46c4-8cfb-5d78e192be7c,DirectPartners,3.02,0
60c62151-15c5-40c1-986c-228eafa0d46d,f1cbb227-16bd-41ab-9e99-c67cfd78d161,,0,19.99
2260f887-02a0-4140-bad8-ad3bfc85edf6,ba0817ae-3d44-4bab-a16e-8c39896fa289,,0,49.99
e7ce81bd-d420-4654-943a-619b69903c78,2f7ba909-22ab-49c7-8ba7-e2478c0d9d29,DirectPartners,9.86,0
246a588d-7e8e-48dc-ae2a-bca91ad2fe51,dc7d21a7-7613-42d0-915f-d3df8a863c9f,DirectPartners,23.26,0
1f7100d8-fe31-4c64-8014-8e57f82f986f,f1356ed4-7a49-4c4c-9ca4-39e34c84c6a7,BrandBoost,43.65,0
8d0a9a6b-2188-4b8b-9fb8-482842eeae76,3ebe6c0b-c713-4986-9c44-ee5aa1813304,PremiumAds,1.7,0
d91ea41a-afa4-4836-bf01-ecf108bae2b6,7fa8d19d-4c7e-4119-9185-343bd01c85e7,DirectPartners,46.27,0
dee52ada-3489-40f0-b938-52c69ada9196,899d157a-31af-445e-9477-471d6aef2928,,0,49.99
fba78584-5066-453c-ae4a-58d91cadd8d1,49cde0a5-f791-4d6c-a71e-848f94436095,PremiumAds,27.17,0
3f1d8183-8ae5-4427-8fe1-58b509450fcb,c6879609-8b68-45c2-8cb5-771e75975fbf,NewsletterAds,29.41,0
110b41eb-e861-4d0a-9da3-918f05c5bd5f,1026cae6-ab00-4fd1-b4a7-1cef116cef79,,0,4.99
84cf6de4-456e-4745-9fc6-4974e2dc5bcb,bc4c1707-1ab5-431b-9af1-9b59b9e5e306,DirectPartners,5.04,0
6318d6d1-472f-4f62-b9e7-6a5ea1c97a81,90ae77e3-4714-40d7-aff4-969fc4bc442b,PremiumAds,40.54,0
19376578-89bb-4646-9feb-bf948fa0605b,dcde6e1e-bc73-4ae1-ba40-935db2e4ab34,,0,49.99
80921718-4a68-4207-887d-b2574b573a0d,e28adb9d-4aef-476c-8252-49f90942e87c,,0,19.99
70c6a417-d32b-444f-b83f-14953b03f639,9bda3e67-1a02-4f3f-840e-a979564a902d,PremiumAds,30.03,0
066886c3-0249-4374-93ef-0b88a664b093,f9dcff4b-f7f7-4d67-b836-c82330471b19,BrandBoost,15.23,0
fb13949c-ce60-45ef-8750-743781058fb5,d141f3fd-fe31-41da-bc51-a4fe94ec2ea0,SponsorConnect,18.14,0
eb2e8166-2efb-4661-8a3c-3227d5d553e8,352d5eab-6e24-4164-b24d-8646bf5ca44f,,0,4.99
f19a7826-54ef-4e63-b2b4-63cdbc8df009,4cb5eda6-1008-4a9b-9aaf-bae4d3abf926,,0,49.99
9a7ef9f6-515c-4026-912b-ac434d69d2d7,b310fd4f-b707-4395-9453-26a18e45da24,,0,29.99
4e7c8eb7-001e-4f37-a978-cb21a168fe9b,77bd72d6-3b7d-4e0b-bf28-9fbcae11da2a,BrandBoost,28.44,0
75cc8b6f-24fa-4a6a-82e5-e0c37f4adc78,417a9ca6-6b5c-4ada-9b46-ecdd932111c5,,0,4.99
da267182-1986-4acb-940d-947543e0ecaa,a62af79d-4966-415c-99ee-8a94bfd597d8,,0,19.99
17ac771f-7fc4-41a2-99aa-bd4bfbc51875,fabec5e5-b43d-4109-91ea-3e639151c802,,0,29.99
c7c12d8f-8908-461e-a269-2dd53e292813,c3435c53-371b-4034-81ef-9c1d47d1e7b6,,0,4.99
59e88d5f-f1c8-42a2-aa37-c4b3c0fb979d,97718a46-2791-4f3c-a834-b2f2261ddbd8,AdNetwork1,4.73,0
9b1d154e-021f-4375-8dd9-339f50037eae,40bd6bdc-24d4-4858-83e8-81ac4df25303,BrandBoost,15.5,0
ba86c11e-2010-4d34-9491-b1f795ab77c1,6ba98c95-b988-4eda-9b78-3d7ef16ccbc3,BrandBoost,31.63,0
dcc11ac1-9e98-489b-8924-41246aed155d,52765d27-d3a1-44fa-9fde-0121a017ab9f,AdNetwork1,22.73,0
2ca8621b-a3d8-458e-8b72-e735abfdd8aa,7e96b30e-21ba-4235-a7b9-db64eb84f057,PremiumAds,33.42,0
5d4965c5-2b82-47b8-bf59-9e903c2a3619,b6d4f513-7e90-4823-b60c-8cb1736f9fa5,,0,29.99
c843d7ca-5c5d-4464-97c5-0cef9364d992,629cc4aa-ae1a-412c-a20e-adc7fe060501,,0,9.99
0e0b620d-6dba-426a-85a5-e96ad552105c,22dbb86d-1d68-4875-b18d-38c2d7f136f4,AdNetwork1,44.63,0
a1137f39-410d-40d9-a8dc-76e9ef2b1c2e,4987ba9b-ea90-41df-860d-b88637b44a6d,NewsletterAds,47.51,0
6de75db9-637b-4c89-87db-563113c2fa0e,fabec5e5-b43d-4109-91ea-3e639151c802,PremiumAds,17.93,0
3094e06f-ff90-435c-b6c3-553be5b40d51,772d8f0e-b82b-4a11-b76f-9968af1725a4,DirectPartners,41.91,0
17eec4c2-d978-4afa-b9a7-5a64607b5c25,bd25b8f6-0e00-4c80-8c47-f81a3757c079,AdNetwork1,39.88,0
3adaaac4-6b76-48b9-abb9-5a1a01920c98,0be83d75-a613-490e-beec-c515e0246424,NewsletterAds,34.79,0
e1ee96a1-cbe5-49ed-9370-bfd658586647,78308b14-72ef-4e04-b29d-501303706780,SponsorConnect,16.05,0
9299275f-0fe8-4a5a-82de-18bf17a57802,fd1265e7-cc20-465c-8f46-ada75c997c70,DirectPartners,31.88,0
89abd464-5b5b-473e-a563-e7ff323e7384,1a32dbce-7160-4fc3-a05a-cd0537e42caa,,0,19.99
9f8a02e9-6ff6-4fdf-adde-0c2655d46fb4,cb8bd590-4d0a-4d05-a7fc-1f77ce5f4ffe,,0,4.99
15f47f7f-d785-493f-90b2-844f704cb54c,e2a80a89-f7f4-4268-a9f5-94f342d74ccb,DirectPartners,34.74,0
a0722453-4f24-4984-bbdd-93536c34be22,d7d3fb2b-8a7d-4000-a654-2ad766f653b8,NewsletterAds,37.78,0
d0bbf09a-d821-466a-998f-3ee1deb35155,440e7f09-63c1-4c97-9ba0-276990ada136,,0,19.99
25330540-b609-41a8-a8c2-e67381b2b07b,58509a00-952e-46f8-9aa8-76bdbf412045,DirectPartners,34.19,0
dfdd4e87-4465-48cd-8253-cd6d0a5098b8,ddf51bb3-575e-49e8-9bb4-72e956456e78,SponsorConnect,49.46,0
f5d3d36a-fcd7-405f-a2e3-023c14ef3cff,38c0dc90-d25d-4f98-b137-025231d7e1fc,BrandBoost,2.31,0
d17d301d-5f52-4bd5-91e0-c8999bfc6dbf,9b32e1ae-c7d8-4477-8bb5-270225eaada3,,0,4.99
fe4716ae-e4b3-4015-8e25-dd67cb65b652,f198609e-2c6f-41a4-a5c5-858c9cbb5cf2,BrandBoost,30.3,0
50112915-095d-4101-8bc4-cb29d28f90e0,f1356ed4-7a49-4c4c-9ca4-39e34c84c6a7,DirectPartners,30.66,0
3940e15d-b673-4c93-aa79-e20569c7d15b,bd3f8778-5664-4152-97ae-d36c99056e78,,0,19.99
ae37c264-c863-4e12-b1a7-8593e327895b,951fe395-00e7-45ea-a46b-ec8a08717d6d,,0,19.99
ee5be8a2-81ff-446a-9f05-072c9eee6247,103b7cf8-181f-4646-9e8a-5e93180fbff1,NewsletterAds,7.37,0
f100f023-7b03-418d-9432-9db9b07aac26,2a1348c7-80ba-41ad-8f0e-a54ee41986df,AdNetwork1,43.98,0
5dd014bc-6e83-4e89-a953-b2648715f581,9d5b45be-144c-4934-bbec-26cfb3c3d385,,0,9.99
eb056a9c-dc19-49ff-9102-56d75c203659,7b76cac7-6a4b-48e3-91f4-11209d0c8cff,NewsletterAds,2.35,0
f3572c6e-8e55-48c9-8043-3b9635a7be89,9aabaeb9-21dc-4221-8901-1a5f647c6df1,AdNetwork1,39.57,0
5ca898a1-ec3b-4ea1-bc04-12fe46a34574,6cb135ca-d23b-44cc-b92a-57e0649ed8fc,BrandBoost,20.41,0
5abe935d-c103-4221-b742-a7331e95e90d,49e7f882-f5eb-4673-9d69-99b5cac746f9,,0,19.99
75d67d65-1bf4-4b5d-af8a-e79c5c37aba6,805baf70-0409-4a7a-be71-7cd8b57075e4,,0,29.99
d80e7c26-b300-4e68-a383-761c681c5020,05aeac11-287f-4e8f-a5da-8dd0652815c7,,0,4.99
ad39729d-50fb-4b8e-8978-2328b2e20d37,de75377a-5706-4f52-a5fc-a8347b502d49,NewsletterAds,47.62,0
aed5b520-e362-4312-986f-e6ddbbeb33ae,6051f305-63f5-4f11-9ecb-154429cd93bb,AdNetwork1,43.79,0
737aeb53-3fe5-4767-8d19-c7da3135456b,0be98bf8-26cd-4f9c-97e7-f7095a6f8381,,0,9.99
334f22ff-0acb-4feb-8c24-d49559b29b3b,452ed5cc-b190-4b2e-b7c1-0245a2dd9258,DirectPartners,20.79,0
6117e985-abfd-4c61-8d69-4c413b0a7d0a,b85ee2bf-5fd4-490c-964b-df91b2be8042,AdNetwork1,10.09,0
47f87504-f5f1-41ab-9568-94d69c846039,f65586bd-d648-45a4-b1a7-f1dbd8a7de9d,SponsorConnect,8.27,0
1a0ff761-abab-41fd-abf2-c8d167caeac0,0d973f51-fc28-47c6-9a84-ba80b324adaa,,0,9.99
2412a918-5f58-4a54-ad66-10e38b45e458,5aa0cbb7-f48b-4fd5-bfd9-14e765c739e0,DirectPartners,13.66,0
d265df95-501d-4a47-b6ec-4222f66a8efc,0df1828b-2300-475c-805f-216a34be937f,DirectPartners,20.66,0
464ea78a-2f75-4284-88fc-8e55b3cdc632,cb8bd590-4d0a-4d05-a7fc-1f77ce5f4ffe,PremiumAds,12.52,0
57e454ff-6269-4976-a4c3-34a0d2d71dd2,e95f0fb3-995f-440c-8718-4df10d638303,SponsorConnect,0.99,0
5bf09d4d-650f-4304-8465-c2b16c63f751,831fefce-e99a-482e-8104-c139fdf1899b,BrandBoost,37.1,0
295cf5da-9a3b-4a08-b040-0c863158abb8,4c05124c-8473-47e7-9b89-540d690fcc17,,0,9.99
c6fbd576-919b-4231-93e9-4a47189cb4e6,7e0b1205-00db-4830-96a8-3b55c9616b91,PremiumAds,27.48,0
64126e1d-f9df-41c1-8c72-91bb12624281,cb8bd590-4d0a-4d05-a7fc-1f77ce5f4ffe,DirectPartners,13.11,0
3694ed54-9d19-4022-9ae3-32d584132f06,6cb135ca-d23b-44cc-b92a-57e0649ed8fc,PremiumAds,35.02,0
7d648ac2-20a1-4799-abdf-4cead626b4de,39e86c6c-da9f-4884-bfb0-51ad149b8a7c,NewsletterAds,3.47,0
d23e5fc5-fae5-4396-85dc-7f953e6f821b,6f4964e2-db03-47c1-bbcd-acc8cfbc17b0,DirectPartners,23.97,0
1338e5b1-61c2-42ef-a91a-34ef7c30124f,886d7baf-cb14-43a0-8100-6e3bed295568,SponsorConnect,29.21,0
20bb912c-edf8-470a-949c-0baf0c3be566,559561e3-b330-4826-82f1-f1b0e3262791,,0,4.99
28062719-4931-45e5-9068-6784b2acab52,90ae77e3-4714-40d7-aff4-969fc4bc442b,BrandBoost,1.81,0
939f255e-5a6a-4ab9-b143-4e7430c585ab,4f7b129a-3d7a-4d1b-984a-132d8ca6c1a3,,0,4.99
30b9c8f9-d9ad-4699-9950-877efc17c300,d94065e7-0d97-4d05-b52c-3b9a296af3a2,BrandBoost,5.57,0
47f866c9-a88a-4602-9631-36fd420f076e,85024bf9-9be5-49dd-aac3-19927157219d,,0,9.99
bf5a8bce-4a81-40f3-ad3c-f0185a2ed70f,8b4778b2-77f0-42b6-b450-43ede5689c3b,,0,19.99
d9201f02-76ea-4c28-9bc1-1d1d47d477fa,3ebe6c0b-c713-4986-9c44-ee5aa1813304,PremiumAds,4.29,0
f66e9b82-6f8f-403c-9da5-18f1a12abc06,b04ae686-4e9f-4f97-a43d-97b9d5f267c9,,0,9.99
2c5f1acb-72a4-4438-b4be-9cee07e17b26,652d2dae-99f3-4501-bdf8-712a971d818e,AdNetwork1,42.76,0
2d6adda1-7767-448f-bac2-27a476c15ea4,268c3fe0-9f23-4355-bfb7-ab387c6179f4,,0,4.99
78b58a99-c6df-4a28-8880-fab764ba95d1,bc4c1707-1ab5-431b-9af1-9b59b9e5e306,,0,9.99
bba1895e-3ff9-4c37-8f08-935e40c80de7,d141f3fd-fe31-41da-bc51-a4fe94ec2ea0,BrandBoost,18.81,0
6d6b1634-80ad-42be-9cc9-2cb736281f83,35e24f0e-8883-4ee0-9c89-6436d3c97a5c,AdNetwork1,40.02,0
3354dd9e-bfb0-47c9-b176-499e8f484ce0,1c8b5d3c-e795-458b-a158-c2f88f46166d,PremiumAds,1.51,0
152d27fe-8b91-4188-b949-df4d8fa32efc,fc55337c-a946-462d-a32d-b285f44e6e7f,,0,19.99
fbe3ae1b-3d76-4ef8-9337-79428c554afa,ba9ef3d3-c876-4d6a-81d8-32270576a223,PremiumAds,31.89,0
62a60a91-770e-464a-abd7-da4d353cc3e3,7d4fb0d0-8101-4765-9615-7c73787c9def,,0,4.99
50da7fa9-38e7-47c2-8672-3bdad53f2ad1,6a1cd018-1311-42be-b960-c01456785877,,0,19.99
e2fdecb2-f207-4f53-aef4-ca64eaefe921,03907816-347e-4579-8f3e-faa2047d5400,DirectPartners,25.51,0
66a5da07-4328-4def-8163-60f6a65bc0fb,f843653d-736d-4439-a354-91c55be356f1,PremiumAds,13.76,0
679c8b4f-e549-40e6-890f-55d2c4da2d9f,f8e78a31-f782-42e1-9bcf-8bd498a8fbd1,NewsletterAds,17.29,0
53ba4553-62df-4fb0-88c5-a8468be2ac81,a62af79d-4966-415c-99ee-8a94bfd597d8,,0,19.99
bea8afac-ed76-4199-88a3-ccf7c1e472f7,ef395658-db2b-48cf-a7cd-eceae325576e,SponsorConnect,49.06,0
5f72d6e8-3382-40e0-b61e-b141d37c1d4d,b8871dee-beef-441c-b1d9-a185eeb2e47a,,0,19.99
71447446-8136-467c-a2a4-08cc74ace606,652d2dae-99f3-4501-bdf8-712a971d818e,DirectPartners,29.1,0
43ac9cba-d8c8-4dd9-a99e-ad6b1f807912,090b7b3c-196e-49e3-a2bf-f99eb28aa26c,DirectPartners,24.29,0
f1847cc2-a74d-4ae9-8e33-b71172783dda,c79210ee-adb5-4039-92bd-500473113b05,,0,49.99
adee390b-9d4b-4042-94b9-fbef7d2d07aa,550f9b71-c29b-4367-b62e-a8e59d93183a,AdNetwork1,13.33,0
4b9cbc7d-1c26-4285-a3cb-44464dbeee9f,b1cd8d06-88db-46c4-8cfb-5d78e192be7c,,0,19.99
fc13b1b0-56cf-4194-b4a7-28967aacae54,163927a4-7155-4b7a-a093-e6aa2cd310e0,BrandBoost,45.99,0
2a6ecced-dba9-4d7a-9556-511bb2b4c6c2,21993749-e115-4773-b584-3831765e9492,NewsletterAds,44.89,0
140940d9-970a-468e-907b-f6aa6abc3919,c4609718-da7d-40f2-b195-7558514e6846,DirectPartners,3.94,0
e07ec2f7-ea2f-471f-a5fe-e74b723eb61b,652d2dae-99f3-4501-bdf8-712a971d818e,PremiumAds,8.61,0
7677803e-a262-44cb-bced-4c26c8176ab6,2769b9da-3c9a-40d3-a50e-6cc36709c1eb,,0,49.99
e24e6d21-68db-496d-9517-2882d036edea,c963fd89-6044-4108-9fbd-10e58247b865,,0,4.99
52320e12-e62a-4a10-8efc-451c3da6261f,a09adfe6-8650-4e04-8329-e2655db4e5cc,DirectPartners,19.21,0
045be54a-40cc-434e-87d7-4c1ba7a112d2,5f3b5949-9df0-4f45-8d2f-f105cc73e896,PremiumAds,11.0,0
a25b169d-9cec-45af-9d6e-bbf803ad8976,6164506e-2066-46cf-89f2-4b55c4a527a7,,0,9.99
a6ed707e-46db-483b-974b-6b66c65f50a6,39e86c6c-da9f-4884-bfb0-51ad149b8a7c,PremiumAds,16.16,0
019b987e-1cea-40e6-bd2e-ade2c29453cf,2d906072-d5cb-4ca8-8ac6-bc6771312e7d,,0,29.99
cc55a6c5-5e16-4db1-9747-70c8962e3b2a,d7e59146-5b43-4f75-a34c-e7ab83b226a1,DirectPartners,26.29,0
e84039fb-2ca3-4e56-ac48-bea30b39481d,8df12242-ff58-4334-8545-c57bf110913b,PremiumAds,25.61,0
a2d36b97-7742-4de7-a069-874505c7f7df,d87995a8-5f48-4599-ac6c-41b7692a22ba,,0,4.99
9f4603a3-6ef3-43ab-939a-058a4c4390cc,bfc67333-adca-4521-8d7d-274ac4109bc6,PremiumAds,37.67,0
61b5ab4a-6e16-4d4a-9a76-e2db99106459,85024bf9-9be5-49dd-aac3-19927157219d,,0,49.99
9457eb8f-1b34-418f-81bd-17baaa2abe46,baba913a-7f24-4ce5-bfd8-688bfe140784,AdNetwork1,37.22,0
f3e7668e-3ae6-4122-97dc-13add126d6da,e69f2509-7154-4ec9-8014-73f53ded1e14,,0,19.99
308879cf-c2cf-4a7a-8ab1-adcae9342474,73ebdb4e-34dc-4925-bb16-000fe0c01b73,AdNetwork1,8.7,0
3ef34957-4256-4433-84b6-b057497651da,9f78e175-e15c-4bf8-99b6-4faefdeb3634,DirectPartners,33.35,0
6104d1f9-8696-4ce5-a347-769415c2c22b,aa67cab0-119c-4650-963e-0b5d1a2c96dd,SponsorConnect,33.33,0
93a4c739-470b-43a8-a6e4-40fc0dc9fafd,6dd7c9eb-9248-48e1-b84c-8d91347debfb,DirectPartners,9.73,0
45c1370d-6318-47a1-9984-41b7e2938598,531c3f51-5597-448f-b10f-8dd78f6a948c,DirectPartners,42.13,0
16b34539-7c24-4128-99b8-ddfcd23feb4f,e6e26344-523f-4f62-b366-198b3d125288,AdNetwork1,30.7,0
a85deb6a-d0d0-4a28-b157-6cd43f219c49,e8a8d886-dffa-42f5-866a-18548e3bbafe,SponsorConnect,9.15,0
2b8de478-4c0d-44e4-8c2d-7d2990d9dec9,33ed1172-23f5-4d19-815a-82a2dcf393b7,SponsorConnect,21.83,0
5971dc90-3782-4f61-9b01-00f1eded9864,5a30985d-db00-4c73-aa69-a232e5d499fa,,0,4.99
20cddfc7-fcd8-4d4a-a825-a43294e64bd6,e4b4986a-ce2f-4c65-9a74-acf09febe9f9,SponsorConnect,11.97,0
5df97f38-cba1-473d-a71f-6325ccf21730,dbea5edf-9b05-4612-bbda-9fbdb2355006,,0,19.99
1a6bce24-763d-40ab-8174-a33828d5e2d7,2882bb6b-f196-4f40-bf2a-8c9e5b23587e,BrandBoost,20.49,0
3d2ab2d9-02b1-47cc-b123-a7be9e0cdcd9,baba913a-7f24-4ce5-bfd8-688bfe140784,BrandBoost,10.35,0
d15b81a8-f52c-4f75-a3fd-1ecad6e24e54,f1dc83d6-eb9e-4794-a518-ffc933411592,SponsorConnect,5.55,0
c1b8b891-4847-45ec-9560-bef4205070df,f251d4ed-5321-44e8-bf15-85f8532b019a,,0,4.99
5d3f00a2-48ef-4332-beac-97856da87ecc,92eb2e93-ddde-4100-9ade-d6d36cbceaaa,,0,9.99
347e69f3-ec81-4691-ab50-e8d732b4b3fa,568688ce-5ddd-4d86-bc8c-80fe69184e6c,PremiumAds,10.75,0
21ddedba-0197-4476-8e66-7c30c03f371b,65afe520-72d9-47c2-bd94-c1ee90058aab,,0,19.99
d11b3b1d-ab03-456e-9888-a872249058f1,830ed060-429d-4c8a-a6ac-fd56d90b0a99,,0,19.99
c11e0b6c-2cdb-436d-b5d3-46e99a39f4c3,559561e3-b330-4826-82f1-f1b0e3262791,NewsletterAds,37.88,0
bd05f889-2797-4762-9a07-9136dbc08305,af469702-a799-4d3b-8532-e22bd4d640fb,,0,19.99
d1d6d582-4fcd-43f6-81fb-9ec2ac534d17,36bad9f4-e83d-478c-94b9-a78e1867252f,,0,19.99
0899fc6b-2d71-4746-b7cc-8938f577ae54,4872568b-20b3-42d1-bd59-b8660d945728,NewsletterAds,29.21,0
366ca4a7-37d5-4657-bd35-da4b1a0a1631,f251d4ed-5321-44e8-bf15-85f8532b019a,DirectPartners,27.82,0
8dd19a24-cfb4-418f-a94e-27e9f3fd5ff6,165ac2e1-abb7-4069-b49a-6c497de14726,DirectPartners,47.58,0
1a5ee01a-8f5b-4df4-8521-6a2a77d8dbad,4987ba9b-ea90-41df-860d-b88637b44a6d,,0,4.99
c104caf5-143e-4504-980c-71c78bf6be57,0e2b3898-b8ee-450f-973d-7d338253838c,DirectPartners,6.26,0
e3426b50-170f-453d-b6ad-97105cd70035,01dcb21c-5099-4076-8d45-26a349f5fddb,,0,49.99
4b942bfc-4f68-4fb2-b5ce-34da850455c4,4f7b129a-3d7a-4d1b-984a-132d8ca6c1a3,DirectPartners,46.46,0
7f57d50c-1d17-44da-a35d-b43d80b522e0,d94065e7-0d97-4d05-b52c-3b9a296af3a2,PremiumAds,41.41,0
0a8c8b49-67d2-4733-a0f0-70f5c0274e13,550f9b71-c29b-4367-b62e-a8e59d93183a,NewsletterAds,11.41,0
2d6e000e-3738-4ab3-b457-51fd4d1351ac,43894fef-22d6-4f4a-accb-c3da4972eada,SponsorConnect,13.62,0
40d52b79-8545-4028-af14-0924703e3501,aa67cab0-119c-4650-963e-0b5d1a2c96dd,AdNetwork1,2.7,0
5fa29c1e-fb43-4eed-ad27-fc8ce9bb3270,4be421c3-f97e-4ab4-be42-d25e557322f0,DirectPartners,18.58,0
f76055b7-be15-4b30-b246-48946cafd759,e8b283dd-828b-4499-bc96-aeb691cf4add,AdNetwork1,28.63,0
270262c4-4e1a-4fe2-a582-49b2a7434572,82792866-6714-45d3-b12e-75442cf5a9c6,BrandBoost,49.65,0
037de3d7-ba9c-459a-8a65-776259885e6b,1f2c38b5-8d67-4611-86fb-d6af08306458,DirectPartners,46.7,0
47a4c959-7fd0-489b-9933-11ae52236d07,3d94b5d1-b0f7-4616-90a9-ef4f07e8bb74,,0,29.99
3df7f844-2330-4c16-9602-ec30e6680991,d21b2861-4008-4447-9ae1-e90e6b1c249d,AdNetwork1,20.63,0
fd55bee7-166a-4001-9923-7541888253f3,cd60b5ea-bcef-4df0-ac66-78feda1198a2,,0,4.99
75a6d32a-269a-4d63-a819-240c195773df,5770fd89-7b05-4b40-8519-8ebb855cdddc,NewsletterAds,18.79,0
2ebe6a12-d0a3-446e-a591-ccca15c0c5e9,9aabaeb9-21dc-4221-8901-1a5f647c6df1,,0,49.99
1f26b8de-00de-4920-b898-5dc8702e715a,78481247-5e18-45d9-aacd-0d095f17f5b9,,0,9.99
9a3325e9-9be8-4ce0-875d-8f611b639403,01dcb21c-5099-4076-8d45-26a349f5fddb,PremiumAds,27.42,0
1c1ed81b-8e3c-467f-91d5-fee716bb4789,5874a313-6c82-4e7a-beb9-776af97eb06c,NewsletterAds,39.06,0
8c5afb72-52f7-4907-9153-7b40c2204999,3928886c-4952-4650-9609-0bc792fda384,,0,9.99
b04a78e9-1661-470d-9556-922b4247b958,ba0817ae-3d44-4bab-a16e-8c39896fa289,,0,49.99
f481c679-477a-4abc-9364-01c33258a23e,e2a80a89-f7f4-4268-a9f5-94f342d74ccb,SponsorConnect,21.77,0
9860aa88-83dc-4ef4-a7cd-00d1287b8b6b,c690b4d3-27a8-4b76-9a05-3430edd95749,SponsorConnect,40.15,0
f66560d5-e430-4c11-bc9c-1e705c50bdc6,2b4c52ce-ba08-4972-9907-9aa0242e1f63,PremiumAds,40.69,0
beea67e6-c4e4-4a9a-ad1f-e1d4482f19e5,ed736465-9534-4462-9874-49759ecde945,NewsletterAds,1.28,0
88edd1bb-a2a3-45a8-ae03-ec64980ba7b7,7d52a70d-c9c3-4aca-9d37-aaeece1557f7,PremiumAds,45.08,0
7efa1207-e0f7-4efc-83f8-b6ce2fe33b14,24513dc2-a215-4ee3-a6ae-57e254d05fc2,NewsletterAds,1.28,0
9fe12d9b-c964-4cb9-834c-87f0c3f66bd0,6dd7c9eb-9248-48e1-b84c-8d91347debfb,,0,9.99
