referral_id,subscriber_id,referrer_id,reward_earned,referral_tier
21520f9a-1c14-40bc-a554-d79337cd6c10,f8e78a31-f782-42e1-9bcf-8bd498a8fbd1,54d27759-f747-4654-a193-f0fe3e5264d3,true,4
abb8a8b9-40d7-45c7-9f21-254e61a46bb8,94ba210d-1ed0-4f49-9a30-2f3de770a988,531c3f51-5597-448f-b10f-8dd78f6a948c,true,2
c8f1ea57-83da-4452-9dc3-f86400137654,6078e51a-194c-4600-8a2b-7905c9fff68e,5ae01f62-99ff-49b8-a5c8-e50feca6d4c7,true,1
4fde42fc-e982-41a0-8aed-2a5beafa3d93,cc67322c-3a9c-4c14-8f1c-4199130f188f,3d44fa59-e0ed-4c83-80ac-01c1c5917a27,true,4
c0cd02e4-41ef-4733-98e1-1b55f73df934,bc4c1707-1ab5-431b-9af1-9b59b9e5e306,a80215b9-dc37-4959-855e-8ed290f4608d,true,3
dc172b13-1f4d-41da-81ed-b981a4c5fe65,c48d9ec8-9395-4b15-b723-64e499db8db2,381e6912-2b90-435a-aa02-62e48c990964,true,2
664f132b-9119-48c5-9d3f-d80716ce3bff,1f9e8ee3-188a-4f34-8f4f-0457d7a5bc22,88128aa5-7e34-4e7c-b381-cdaf0ea24e67,false,5
f19d2f37-67b8-4a3c-b636-412d3619bd3a,2882bb6b-f196-4f40-bf2a-8c9e5b23587e,692aa45c-02a2-46c3-83e0-098aa6073720,true,2
b0fb5c12-fb50-445c-9d65-4a1ae97f2881,6a58b8c8-12e6-4d63-b12c-93d8026cd481,bfc67333-adca-4521-8d7d-274ac4109bc6,true,4
a05c47b1-315a-457c-9037-762bc61683f2,271dd90c-fd33-47b0-960f-79ad65b3d003,62d68406-250b-456c-b6c4-39dc22b732e3,true,4
86159647-a8a2-44b3-af77-1c5f4c021424,41bda46a-6f23-4084-896d-90d1618eab12,a0c2ace5-3bdb-4a42-93a1-22f0b7093989,false,4
1ecb82be-c9f7-4f65-bb8a-e39307a7a2ff,01ff4176-2748-470f-8b0a-14639bdb4be1,b0fcec53-a6f4-468a-8a8c-bd1e56981957,false,1
fa097bb1-9f39-4663-88ec-905b50eb6f09,42efd9e2-1642-47dd-a9cb-b69d95da53ff,6a58b8c8-12e6-4d63-b12c-93d8026cd481,true,5
506d55e8-6f53-4901-822b-34e03f06d551,04a0b48a-e232-413a-a6d8-83a2788ff46f,dae6745b-b3b5-4185-b731-5073ba0986b7,true,5
b255c483-b5ca-4d8e-abb1-81927d10c34d,fe661fcf-edca-4d68-8fad-14b4f0283e66,9368f4db-c2f7-4a83-8e70-f19e090a0773,true,1
15e88a32-a717-46e5-9787-3108869ddf5d,c7a54fd2-c7ba-4646-b38a-3579b592bc36,5ec19d57-0f6c-44fc-bafb-244e5ebbdd59,true,2
24c4421e-08a9-454f-9d09-950199a77781,7e0b1205-00db-4830-96a8-3b55c9616b91,edd19bcd-5a3d-4a71-a326-eb3205e1baf3,true,1
5c0b365f-03b1-4c23-ad38-24eab0316a41,85928edf-92ea-435b-ab65-1b57d745bd95,652d2dae-99f3-4501-bdf8-712a971d818e,true,4
ae999158-ad65-4db0-9086-31e678a5cf43,069061db-65a6-4cba-b962-eb56910ad448,d3638e25-d096-4872-b90a-14c0ec22285e,true,1
0d5b415c-a483-4f07-8699-2892313f7c41,41056f46-cf87-40e0-8449-cc81f227bce5,271dd90c-fd33-47b0-960f-79ad65b3d003,true,4
cc2840ef-437b-4354-b04a-2795b95b93db,c79210ee-adb5-4039-92bd-500473113b05,1ccba697-0102-42fa-8ab5-47e76e73e813,true,1
7e2e3879-cee1-4d3f-8500-a1ba8e6cd171,24e33c11-dcbe-4411-b401-078f347945af,ef248071-acad-4ace-8d52-57a9b8484122,true,5
61659cf9-2098-4eec-9666-28012a970599,dc204c01-dfb5-4e23-b04b-e3039d6e47ad,dbea5edf-9b05-4612-bbda-9fbdb2355006,true,2
6928961f-1ee2-488b-a9c7-7f648e06e444,70782c95-ffd0-429e-af21-ec00211062e8,6078e51a-194c-4600-8a2b-7905c9fff68e,true,1
30e02be6-8b43-4775-99a0-0fa46d6e23c8,165ac2e1-abb7-4069-b49a-6c497de14726,1d783617-48a9-4fa2-8fa2-38e78e2f1195,true,2
92da1713-4d53-4f74-b439-d7036cf65eec,9e775823-e743-48ad-a65b-a3408dac14fb,82ea25cc-468d-4133-95a1-a6be631b487a,true,2
3f44f84f-80a1-40ae-9c17-d299df82346e,2a384ce3-4916-44f7-97ce-f6cbc56a3e48,,false,3
b43600f2-0f85-4a7e-ba7d-b95f950c5091,a80215b9-dc37-4959-855e-8ed290f4608d,,true,1
3010ffea-bfa0-49f0-9c09-b7c85656d682,c76b9bde-be47-49d0-987b-a79d629a1a67,88128aa5-7e34-4e7c-b381-cdaf0ea24e67,true,5
8dabdf4f-56fc-478f-96fc-490d86ca18b0,a10c6740-472a-4ba2-a514-75fec4f89c73,c7a54fd2-c7ba-4646-b38a-3579b592bc36,true,2
23c495c8-81b5-4f3e-b891-531e8c5d3511,82792866-6714-45d3-b12e-75442cf5a9c6,f5484725-b6d0-44f0-a7cd-f6291d9baf5d,true,1
f7f23bf1-3b86-4cfa-b3da-18490099cde7,eecb72a3-b65e-4a55-8d17-e153a737c1ff,830ed060-429d-4c8a-a6ac-fd56d90b0a99,false,3
be02ec82-9519-47a5-8bde-ad3cd28691b5,e69f2509-7154-4ec9-8014-73f53ded1e14,b318de61-6e14-4bec-91ba-57aa34b0a9b5,true,3
65cf16af-ca67-4050-baa9-e15be7959052,70782c95-ffd0-429e-af21-ec00211062e8,4f7b129a-3d7a-4d1b-984a-132d8ca6c1a3,true,3
b6454166-e508-4f24-9078-066473dbb316,4872568b-20b3-42d1-bd59-b8660d945728,fe970ec9-4798-487e-a93c-4481254eec97,false,3
7456231c-d7ce-4416-8971-475eb2391d77,b4cac04c-e459-4336-aab2-f8c67fc1bce2,a790ff5e-6f46-474b-b951-9582e49ef97f,true,5
91f77c6a-627a-4aaa-b950-0b8776047bbe,cf3ade03-0c9e-4fd1-ba97-0470cf56d5e5,,true,4
023f4423-ea52-4fd2-876f-d307d9b4e63c,c48d9ec8-9395-4b15-b723-64e499db8db2,4039378e-b715-4b67-ba5d-f32ce0e7d3c3,true,4
707be5a3-6c0e-4324-bf75-1a898990f02d,833ed7b5-7a42-40a2-8153-16e09ec73f59,b95d010d-1df3-42a2-9c66-7e6eb128fa42,true,4
90e15873-b633-457f-bb8f-4f52b3f0172f,886d7baf-cb14-43a0-8100-6e3bed295568,c6879609-8b68-45c2-8cb5-771e75975fbf,true,3
09806441-783b-4d58-9fb0-fd5a789ea919,650de24f-7a31-4b05-9f5d-b2a8817df0b6,,true,2
2f00dd12-465b-41b1-9c28-f432cc2e12e7,5f2f5dcb-3fc9-4dda-98b6-df3c4925d1bc,0c70aa84-bf4d-4a0a-af3d-20a1368385c0,false,2
ec4f66e5-4762-493d-8d53-0a15a4e45e06,ed736465-9534-4462-9874-49759ecde945,805baf70-0409-4a7a-be71-7cd8b57075e4,true,2
2304615b-024d-46bf-b63e-6d964d1e4a85,0c8ca74f-cf2c-4bde-b716-e0fc3f41f879,6164506e-2066-46cf-89f2-4b55c4a527a7,false,4
ac9c1af4-8b44-4b56-bc2e-8d38a0510159,0b14802b-c317-416d-82e6-51c7f99aefe4,6b965d44-ae2c-4bf1-b211-89452b31a2a7,false,3
75479666-c17e-4354-8d6e-fe96524eda88,1d9a961d-1fb3-4648-af7a-eedb59e7a45e,85928edf-92ea-435b-ab65-1b57d745bd95,true,1
3e535d56-f9fc-4791-9cf5-e48216b8e0bc,4a5e0304-98b4-4952-9ba9-3539b0be3662,2b4c52ce-ba08-4972-9907-9aa0242e1f63,true,5
5dddae06-f9c6-48d4-810f-af1633db6e7b,af469702-a799-4d3b-8532-e22bd4d640fb,b19372b9-6c0d-4be9-9042-223c09fbe58c,false,3
0ed3a384-bb79-49f7-bd19-789bf8cd96ba,8ccc2a55-7769-4444-a4bb-75e9235bb21d,,true,4
3582d04f-9de4-4898-84f3-f807b644449c,0c8bad69-8569-4786-aeb0-eb6a5f67793b,,true,4
f39d3b99-102c-44ad-b4db-48f05f142ba3,6c0d0da9-fd3e-4a3f-975c-2670b43b9b26,7f96bc82-f70d-4707-bdae-19055979b251,true,5
e5c118ac-0ada-4626-8518-c32a943475ab,e53fa1c9-8829-4843-8065-35a06e065ce3,ed736465-9534-4462-9874-49759ecde945,false,1
498323d6-fdc6-4189-863f-e22897dac636,26f27c8f-148e-4f2f-83ec-7d3e514a9960,54b9ae0d-728e-4c7f-8f1a-d68e76c37882,true,1
cfd33409-e2d4-494a-be6e-f49e488d4702,6a1cd018-1311-42be-b960-c01456785877,c8fe4085-40ca-4fe0-8f97-e862c9fc79af,false,3
aaf131bd-5064-46c7-9a29-94c8d9fe6782,c7a54fd2-c7ba-4646-b38a-3579b592bc36,82ea25cc-468d-4133-95a1-a6be631b487a,true,3
d5cd5651-e079-4ac7-a2d2-744f706e5d16,bd3f8778-5664-4152-97ae-d36c99056e78,,false,3
ba690ff6-1e31-4756-b808-c2493ef09e15,6078e51a-194c-4600-8a2b-7905c9fff68e,680b6aca-c839-4fa3-8612-7afc163eebec,true,1
c4557a04-bdda-4a6b-bf28-4bc209670637,0be83d75-a613-490e-beec-c515e0246424,b8871dee-beef-441c-b1d9-a185eeb2e47a,true,3
9076851c-d3dd-44a5-a08c-77252ccb53f8,4a5e0304-98b4-4952-9ba9-3539b0be3662,ae952426-a499-409c-8281-1489c6e80c15,true,1
16561962-1e22-40e1-add4-612ccbeb6a3f,faf46ab6-51be-4d0f-b693-89fd31377beb,4e08ce8c-ca3c-4563-a7ee-325c98e6eaa3,true,3
2612e2d5-552a-4648-ac06-bd25ccc1b125,18cb0fb8-854f-42d3-8c58-8af37fe49571,,true,4
170ada9b-807f-48f1-97e5-0e77ba92025b,1f9e8ee3-188a-4f34-8f4f-0457d7a5bc22,f2beb1c1-a198-44f6-9b73-fa884024f183,true,5
786e08f1-6b24-4b47-b07b-42a65979bb90,0c8bad69-8569-4786-aeb0-eb6a5f67793b,1981f483-a57a-41fe-8403-3108b38f3ebd,true,2
61a98d9a-abe9-4f8a-b440-106280622af1,1f9e8ee3-188a-4f34-8f4f-0457d7a5bc22,c4609718-da7d-40f2-b195-7558514e6846,true,1
20387325-7a7d-4919-9959-174615e4badc,c06b91f8-2092-4c0b-8837-890424a40745,135658de-b9fb-43d6-ad9e-25c78c2ac280,true,1
ce5c725a-d8eb-496d-bc0b-5ab380729e6c,c7dea0dc-b013-4343-9f7d-8c53a770d46c,b96648c3-63b4-42b1-abda-1160f1ea31a4,true,1
f7b12feb-74a0-4213-a50a-4d08467e43bc,0c70aa84-bf4d-4a0a-af3d-20a1368385c0,f12491b3-4e40-4409-8b6f-608d3bb9d621,true,1
95b85563-b4c7-4378-be32-7827e6ba4d24,53c9db5a-6099-4aad-bb1c-43cb97e0a9c2,,true,5
729abcd8-0e94-47fa-b0cc-261222479a2d,c7bc603b-7e5d-491b-bd42-d23bc9e94d83,14a29d5c-4c10-4821-8455-fd52b98deeaa,true,4
8b0d2666-b809-4574-84e1-0c606ad3b8eb,79fcca14-930a-48aa-9ad2-0aba880f7d2e,,true,4
d8927704-babd-4ded-9e0f-3f54d708ad2c,04a0b48a-e232-413a-a6d8-83a2788ff46f,fcb8e74a-d87d-4900-a566-81bb84711aaa,true,3
567455e6-8d2c-41aa-9dff-2573526c56a9,ba9ef3d3-c876-4d6a-81d8-32270576a223,d141f3fd-fe31-41da-bc51-a4fe94ec2ea0,true,2
17e7d799-d0ef-435e-9a7f-6e8608a786f7,0be83d75-a613-490e-beec-c515e0246424,062f973b-ebfa-4cd7-8aff-0482f5f28337,true,1
f922e428-9ad4-402a-b07f-7e313fa31af1,64ee11f0-9fdb-4fc8-bfa5-52f4247a61e3,62d68406-250b-456c-b6c4-39dc22b732e3,true,1
cebc1b76-1888-4599-adca-30b62fb4211a,807496fd-aaa3-4c8a-8fbb-85b88eb207e3,ac42ae46-d64c-4181-9f51-8d02d04e7311,true,1
cf172825-fbad-44e2-b4fb-4aed68bb7aa8,ef3caefe-df74-491b-9d9e-fab697a84e9d,71cce2d7-ef73-435e-82ff-3b48575d3a19,true,4
963a5bb7-c1dc-43c4-8406-d0cfb683d2bf,d3252523-55f9-4642-9da0-57f244b9631e,,true,5
b8ad8429-85ff-4960-bfc7-c2f36188e9c3,1f9e8ee3-188a-4f34-8f4f-0457d7a5bc22,,true,1
cfc2b21f-dbf9-498c-97d0-62d2cd019310,0639b122-5d91-4fb9-9d30-d233206caede,a73fee13-449f-45cb-8b21-6267303dd262,true,1
c56555b5-7bf6-44a9-95d0-70c0cb634703,4c05124c-8473-47e7-9b89-540d690fcc17,,true,4
10ee4308-d553-40a2-971f-923b8cfea3c3,73ebdb4e-34dc-4925-bb16-000fe0c01b73,09d475f9-67ca-4155-9888-dad40e697ac7,false,2
2630261f-4d1f-4d3d-9e79-2b0ad3139be5,05aeac11-287f-4e8f-a5da-8dd0652815c7,2a384ce3-4916-44f7-97ce-f6cbc56a3e48,false,5
2388a91e-85dd-4e13-a351-d04797a3628f,e2a8ccd3-f092-499c-a95c-32c0199a444d,,true,5
9ce5c57a-bc84-4772-99d9-43cc1ba52d52,f1cbb227-16bd-41ab-9e99-c67cfd78d161,7d4fb0d0-8101-4765-9615-7c73787c9def,true,3
e758b03e-b925-4828-82d8-9455ab7bb3ad,0fd5c9ea-0dc3-4be3-9006-174eb29f99cf,d21b2861-4008-4447-9ae1-e90e6b1c249d,true,2
8a257677-8ee4-4761-b9a1-97c6b03574de,468298e0-717c-4bc5-b024-a1a5c8bdf274,7ec5db87-a8b7-4dcd-a620-8ad1addf6f6e,true,3
d11fe635-4985-4757-a299-1831bd76139a,9cefa53c-b982-41a3-ba9f-d6efa53cf486,df5d6f9d-aee0-4422-9a86-f39ac2c72379,true,4
193ec1bc-7c29-4962-a954-b1ca22d8b1c5,0c8bad69-8569-4786-aeb0-eb6a5f67793b,acc7b50b-1730-4978-b3eb-847c87416a46,true,1
c1b98844-bca7-4792-bfc5-d2bd32f9230b,9af008de-e229-4785-83b1-0f576c97967b,,true,2
aaa7b1c1-d9fc-4629-96f3-9656dae78370,27b613a8-bf8b-4623-bc66-490ed5602ecc,,true,4
d7e3e180-b5dc-411e-8871-cf60df1b0033,3ebe6c0b-c713-4986-9c44-ee5aa1813304,452ed5cc-b190-4b2e-b7c1-0245a2dd9258,true,3
87dfc9d2-9472-4e4f-85d1-2c15f1c9cf8d,ef942e74-3ea8-47ca-8263-e3e23a78fd28,,true,2
b80305b6-79ad-442c-b4c3-fef4960a8083,2d906072-d5cb-4ca8-8ac6-bc6771312e7d,,false,5
a238a8cc-30a3-4634-925d-a722a2f8065f,a739e9ee-0557-4287-af2f-49727866e081,0639b122-5d91-4fb9-9d30-d233206caede,true,2
5ce6bcb1-39f9-4d21-8573-b44aa942d87c,629cc4aa-ae1a-412c-a20e-adc7fe060501,,true,3
bc779e99-f335-4ec7-931b-1334fa54af33,f65586bd-d648-45a4-b1a7-f1dbd8a7de9d,7d4fb0d0-8101-4765-9615-7c73787c9def,true,2
97fa3c92-b433-479b-b97b-0d8b10379244,9aabaeb9-21dc-4221-8901-1a5f647c6df1,,true,2
8273dff6-3c0e-4354-a17d-e843ca1b0627,6f4964e2-db03-47c1-bbcd-acc8cfbc17b0,f4680894-77a8-4f5b-a8b1-ef19701974e0,true,1
2fa92e2c-7104-415e-8904-d82fb9da9fcb,271dd90c-fd33-47b0-960f-79ad65b3d003,,true,4
2d6aa824-dd9c-4921-b400-5e5d925fad89,1c346fe3-2579-48ce-ab3a-c0ff52717b86,,false,3
dcc79193-a666-4c60-8f69-9fb59532a50e,9f47b241-4e7b-453f-97cd-cffcde527078,c48d9ec8-9395-4b15-b723-64e499db8db2,true,5
bba8c1a8-decc-47ed-a4c6-231ed617d943,de75377a-5706-4f52-a5fc-a8347b502d49,7246d369-3dbb-43e5-9a2d-c2936a3e39f4,true,5
58e40c84-527a-49f8-9cbd-ebb2c2ff1329,f1dc83d6-eb9e-4794-a518-ffc933411592,39e86c6c-da9f-4884-bfb0-51ad149b8a7c,true,4
fa6112c5-3df5-406b-bab4-a81fd23a2af5,c7a54fd2-c7ba-4646-b38a-3579b592bc36,b0fcec53-a6f4-468a-8a8c-bd1e56981957,false,2
cc3dc1b2-6e5d-4286-a3a5-4df6cc38d4a6,39e86c6c-da9f-4884-bfb0-51ad149b8a7c,,false,2
ed8dadd6-db69-49b2-8564-b2f7dc887202,53c9db5a-6099-4aad-bb1c-43cb97e0a9c2,,true,5
2727d549-bc92-4602-afde-a8119b0fe892,f251d4ed-5321-44e8-bf15-85f8532b019a,90d3766d-6e15-47ef-bb43-c64dc79ef595,true,4
dccca185-a519-4ee2-966a-e578080dc895,e8a8d886-dffa-42f5-866a-18548e3bbafe,e9d6ab84-178b-4881-9663-147ab6cb5d64,true,2
eb423ad6-bf52-45e9-b3ce-4c85fd1b58d2,aac70511-9a21-4043-9de1-4f1d284dd5f3,09d475f9-67ca-4155-9888-dad40e697ac7,true,3
fe3b3d32-09bf-4e04-9f83-721aa9136b51,431f0b95-4dee-4c9e-a6b3-857d18770cca,5f96d05c-4845-489b-8344-221538283ea7,true,1
971e424f-12e0-4bcf-b1bc-b6b9deea4ddc,36205f61-5c0e-4529-aafb-e134eab6b5db,,true,5
6274e2da-4518-4634-ae18-d78713ba1536,fac1844a-a396-439c-99ac-2671a9444a72,9368f4db-c2f7-4a83-8e70-f19e090a0773,true,4
034cb46c-91ba-4e99-a463-80fb47790f6b,c963fd89-6044-4108-9fbd-10e58247b865,bafb3cd4-9fe0-4655-a556-054198f9670e,true,3
9bbfde2c-fb5f-4138-8815-bd5e33ed3f49,90ae77e3-4714-40d7-aff4-969fc4bc442b,164889dd-bdc8-410c-87cd-c256e2964088,true,1
7ce4fde3-5aa8-444f-872f-eb3dae371d5e,d7d3fb2b-8a7d-4000-a654-2ad766f653b8,,true,5
854f2ec8-e0a0-4f08-a6d0-1f39b53ad757,c0c8d9b4-5811-423c-89c0-eccf20278083,c48d9ec8-9395-4b15-b723-64e499db8db2,true,1
516df132-2214-4a28-9f64-f3fc59ea95b8,a09adfe6-8650-4e04-8329-e2655db4e5cc,59255526-45ca-4855-9d65-c9e5225412fb,true,2
755e363f-e99d-433a-9d0d-bbd7e246625b,cc67322c-3a9c-4c14-8f1c-4199130f188f,652d2dae-99f3-4501-bdf8-712a971d818e,false,5
c9b56cb6-8d19-4350-a5d5-5dfb1d264e5a,352d5eab-6e24-4164-b24d-8646bf5ca44f,2a0051c2-12c5-41a0-9f36-aabb87b13185,false,2
a6f8f8a5-6034-4edc-a9e0-b63305076ae4,c4daa09a-3e98-4c62-a97c-22a1a1d9ca67,8ccc2a55-7769-4444-a4bb-75e9235bb21d,true,3
5c0c8648-7086-4585-867f-d782eebf515e,bac0076e-29b8-4b5c-9998-bde488013377,6a58b8c8-12e6-4d63-b12c-93d8026cd481,true,1
2047b996-691c-4942-b98e-73d46789f494,d1027aef-622a-4069-856d-3c890c02c4b1,,true,5
711e1dbc-8962-428c-a7c5-0391b5f12530,78308b14-72ef-4e04-b29d-501303706780,6dd7c9eb-9248-48e1-b84c-8d91347debfb,true,1
afc63f94-2d39-4145-bd1d-f4b0efac7138,91c003ff-9eb0-47a3-81c8-2bec46eb4c93,,true,5
7e498076-9d5b-4549-af1c-874fb98e00b5,6f4964e2-db03-47c1-bbcd-acc8cfbc17b0,468298e0-717c-4bc5-b024-a1a5c8bdf274,true,3
54876664-7ad9-4fc4-827d-37d7eb204eaf,24e33c11-dcbe-4411-b401-078f347945af,,true,3
f91c8e98-dae9-4ace-9bb2-def03c537e99,4987ba9b-ea90-41df-860d-b88637b44a6d,0732072f-4f63-40e4-9fad-d24adecd0b93,true,4
85931515-496d-4a03-bda1-892d193edbf8,b3b1a102-1f99-41c9-bd56-7ea186255aa3,c1539133-ab1d-4af7-8b5f-bb3539cf3b74,true,1
464a84d3-e812-4783-a78f-61d937ad5c27,163927a4-7155-4b7a-a093-e6aa2cd310e0,3c8c6679-5cd8-4c76-a0d1-8dc6eeaa0f04,false,5
013cbafb-0be4-4867-9d56-6c021703a877,ac45e8f0-e927-4f0d-84fd-210269238553,94ba210d-1ed0-4f49-9a30-2f3de770a988,true,1
82e867c3-16cb-4d9b-b293-5f3d2bcbc15a,cc9c6236-816f-4a1f-bae8-b67087be9a79,fc3da23e-9b1f-4d05-a062-a3ba4569515a,false,2
c7edf481-a557-47ec-a3f5-4cc36c92fe3a,f4680894-77a8-4f5b-a8b1-ef19701974e0,,false,3
6c9fc4b7-a290-40d4-8e9f-dcecd284cc69,28b349d8-ca81-444a-9f83-8094ae2124db,e50a10de-bf5b-4053-93f2-d42772410616,true,2
59828e46-fd84-4891-96aa-eaad28cbb81d,f5484725-b6d0-44f0-a7cd-f6291d9baf5d,0c8ca74f-cf2c-4bde-b716-e0fc3f41f879,true,4
f7ee85e7-1699-4625-8af4-a5ba48c05653,f12491b3-4e40-4409-8b6f-608d3bb9d621,352d5eab-6e24-4164-b24d-8646bf5ca44f,true,5
99def289-7591-4c8a-b829-8d51f7573ae1,dccf9aa5-6e21-4d47-897f-65b91b1dbfa8,a62af79d-4966-415c-99ee-8a94bfd597d8,true,4
9c71cd15-a8a4-4ed0-b85f-949d940c5eaa,34ad3671-919e-4604-9ec6-17cf823b6d43,cb6cabc1-10ab-4712-95db-ff113f0f8c77,false,1
13908564-d3c8-45fb-bf31-c25360a7db88,cd60b5ea-bcef-4df0-ac66-78feda1198a2,,true,1
6c3a5897-442e-4a1b-b9a9-79c5c933e9d5,fc3da23e-9b1f-4d05-a062-a3ba4569515a,2d610009-b106-4965-b68c-a426d7ec31b4,true,4
43d2ef56-7d1b-4aaa-acb9-b60309976391,cab3670c-75b4-483d-8bf6-fb01a047270f,,true,5
fbea1cde-b436-4b40-90b5-30164c59da4f,181b9bc7-d799-42f4-bf47-12a211eb4605,f63ff0ad-61a9-4aa7-93c6-c08f5bc56b7e,true,4
e4c84319-e38d-45ac-a07b-0c347897db03,0c335b0b-0baf-4034-b4fe-9a0aeda7da1b,d141f3fd-fe31-41da-bc51-a4fe94ec2ea0,true,1
a54f70fc-95c7-45f9-837f-90f3432e1222,251da162-b808-4fcd-b55b-c94afc330015,78308b14-72ef-4e04-b29d-501303706780,true,3
bde6438c-709b-43db-add4-ecccc4ae9daa,1d783617-48a9-4fa2-8fa2-38e78e2f1195,,true,3
fe1f63cc-f74b-4791-bf06-11af1b8157b3,5002e5fc-fd0b-44fa-be29-76b835ab960d,7ec5db87-a8b7-4dcd-a620-8ad1addf6f6e,true,2
f3263954-f453-48a4-bbdf-9bad8b009b77,66222515-fd7d-44a7-9702-b7f1bb4cf2af,db977bb1-e065-40f8-bab4-a368a214cf3f,true,5
1d5006cf-8f4c-484d-ac84-db99f073c190,68e4cdea-3225-494c-9baa-a5de09548c91,,true,1
73d59837-73c2-475d-b2eb-ceadcdcf7454,69f88612-76b7-46f9-a3d2-79183049a141,,true,1
0408d89c-c61d-4bde-94fc-5ededc56fcc3,8b4778b2-77f0-42b6-b450-43ede5689c3b,2882bb6b-f196-4f40-bf2a-8c9e5b23587e,true,2
1426bf8d-1011-42c9-b64c-b3a1db4fd391,680b6aca-c839-4fa3-8612-7afc163eebec,69f88612-76b7-46f9-a3d2-79183049a141,false,4
4623b464-43dc-4110-a32a-5103bf9c9ddb,73ebdb4e-34dc-4925-bb16-000fe0c01b73,,false,5
aea499ed-df15-4b0a-bc97-2f9ecfe9de34,af469702-a799-4d3b-8532-e22bd4d640fb,36ffa8d5-8495-45f4-bf9c-81e8bdd907ed,true,5
3129d32c-5c50-4fce-aad1-7919b828b314,b310fd4f-b707-4395-9453-26a18e45da24,1fec6e02-257b-49c5-8b59-54fc5a9c2c6c,true,3
69fa9b3b-b773-4f29-846b-d279ba9fc5ad,aa67cab0-119c-4650-963e-0b5d1a2c96dd,,false,5
8122d184-846d-4578-875f-2c6d4e4c8bdb,090f8dd9-a1ed-4060-b4d9-c91a95a7afa2,440e7f09-63c1-4c97-9ba0-276990ada136,false,5
d3114b70-ac8c-4bb4-ad70-1e9c27407c0e,3d94b5d1-b0f7-4616-90a9-ef4f07e8bb74,bd3f8778-5664-4152-97ae-d36c99056e78,true,5
2a28ba92-6271-4a9c-abf8-19cc52450f20,df5d6f9d-aee0-4422-9a86-f39ac2c72379,b19372b9-6c0d-4be9-9042-223c09fbe58c,true,1
c370c167-6b5e-49e3-be34-1e316c751c6a,5770fd89-7b05-4b40-8519-8ebb855cdddc,,true,3
e982b2ed-09c2-489f-a94d-8e3dbf1ae211,772d8f0e-b82b-4a11-b76f-9968af1725a4,4ba2a1ee-ba68-4590-8f67-0e6be593c481,true,5
617d5bbb-97be-4179-8fb3-166fce3e6f3a,cb6cabc1-10ab-4712-95db-ff113f0f8c77,,true,4
7877c6ae-63f8-43cb-865d-90f49ca84d56,35e24f0e-8883-4ee0-9c89-6436d3c97a5c,9d9c78db-aba1-429c-9d20-0716c94dfc3b,true,3
76c1d78b-f198-4a7f-8e53-2e2cd0c74e15,568688ce-5ddd-4d86-bc8c-80fe69184e6c,90d3766d-6e15-47ef-bb43-c64dc79ef595,true,3
59e53ec1-705b-4d1f-a9b2-db2277c035f5,c48d9ec8-9395-4b15-b723-64e499db8db2,24f4a1a2-0e04-4596-b365-4c792dc6315f,true,3
645a2696-ff9c-4350-9163-3b3fc1bdfe89,f63ff0ad-61a9-4aa7-93c6-c08f5bc56b7e,,true,3
3673b5c7-7de5-4b9d-a19a-46a02e6eae6b,352d5eab-6e24-4164-b24d-8646bf5ca44f,381e6912-2b90-435a-aa02-62e48c990964,false,5
f73b93b2-9774-4440-a66d-c4e2aa956a3c,71a25910-6dea-49aa-8650-505d65a8391b,28a8e969-4a11-46c3-a1ec-afbdc6b10b64,true,3
9903bf77-53b5-43a2-a1a4-ec2bc74798ed,5874a313-6c82-4e7a-beb9-776af97eb06c,c7a54fd2-c7ba-4646-b38a-3579b592bc36,true,3
ec983521-ccbf-4ed8-be06-4d232f9d03e4,e4b4986a-ce2f-4c65-9a74-acf09febe9f9,64ee11f0-9fdb-4fc8-bfa5-52f4247a61e3,false,1
e81b2f12-238e-49dd-a215-d54923442f20,ee94d127-4dda-400c-b2d6-960d354672aa,52765d27-d3a1-44fa-9fde-0121a017ab9f,false,5
3917336f-cbab-4b2b-af56-e9df4aa39def,e9d6ab84-178b-4881-9663-147ab6cb5d64,ad1557fc-f30a-4d4e-8eaa-8a79469277af,true,5
075d8548-0afe-4c84-b9cf-f5dba494a8ba,baba913a-7f24-4ce5-bfd8-688bfe140784,7e0b1205-00db-4830-96a8-3b55c9616b91,true,3
d1844d22-30a2-4fb9-9d45-f49ecd3656d1,51534a16-9517-4201-aa75-5ca35c565b86,,true,1
0f44fa35-f7ef-4a10-a1ec-1e6d4cb2b168,dccf9aa5-6e21-4d47-897f-65b91b1dbfa8,ea5e8b3b-83c6-47cb-b071-a0cd64ab01dc,false,2
f149dd9e-173f-418c-8b77-fbb6aea79d16,18cb0fb8-854f-42d3-8c58-8af37fe49571,0b9e29af-d298-4e5f-8f5a-9a756c086d88,true,3
ba9aac6c-9dee-4a65-b929-b762064a7649,386d158d-ebf7-4a13-8889-dd070017902d,,true,1
f58434d3-6ff8-457d-873c-68ece4d2e147,7ec5db87-a8b7-4dcd-a620-8ad1addf6f6e,59b67228-207e-4e08-adf6-f4470a82d4af,true,5
ff7b8551-a299-4ac3-84fd-6135edc4023a,4a5e0304-98b4-4952-9ba9-3539b0be3662,fd1265e7-cc20-465c-8f46-ada75c997c70,true,5
ff4ea36b-8411-424b-80e4-f43254af7f59,aac70511-9a21-4043-9de1-4f1d284dd5f3,80c0b3f6-95d9-41f1-87d4-6fd71f37e50f,true,1
9a1a5115-c76e-46df-a435-55bb1fc2adb7,0c8bad69-8569-4786-aeb0-eb6a5f67793b,,true,3
10c1246a-c911-432b-bbd4-cf66f5da4317,c7dea0dc-b013-4343-9f7d-8c53a770d46c,b133cb6b-a5de-4369-8263-2b1525c22f14,true,2
faece0cf-32ea-4ad0-ae3b-2315c54353e2,cb8bd590-4d0a-4d05-a7fc-1f77ce5f4ffe,,true,2
65c1da47-28cb-4773-992b-ec739bc446f4,c7dea0dc-b013-4343-9f7d-8c53a770d46c,0d3c2707-26ca-403d-a9e1-adbf97d939e4,true,4
52bde08b-7c91-41e2-b4bc-ce623c0bbed3,78308b14-72ef-4e04-b29d-501303706780,,true,4
d7cbda46-60b1-44d4-a8ad-34d8f974b816,eecb72a3-b65e-4a55-8d17-e153a737c1ff,97718a46-2791-4f3c-a834-b2f2261ddbd8,true,5
67ff8b0b-76aa-496a-af52-d55bf5a8190e,bcf1e356-7374-48e1-bc92-29c189d98524,,false,4
82839adc-e452-4289-a271-e24bf59676e9,71693463-27d9-4d35-9cea-9ba9ffc472f7,,true,5
8c0dac39-e2e1-448f-88fd-ff0abe2f09e4,faf46ab6-51be-4d0f-b693-89fd31377beb,784173d1-45b8-4c2e-bd9b-3f45f9ceeb2a,true,2
1d216e5e-afc6-435c-9a10-085b5d32515a,e45f9986-1f6c-4665-91b1-fa0f7b360198,4a09a593-6217-4364-9098-534109628c62,true,2
9529b7a6-ecc5-490d-bc4b-4f6d1bc3fbf0,9494d2ca-4051-4731-8439-a197719a3dcb,,true,2
a2e44b93-3ea2-4b4f-bdeb-e16663c2432d,e28adb9d-4aef-476c-8252-49f90942e87c,550f9b71-c29b-4367-b62e-a8e59d93183a,false,3
8177071c-dff9-4b1d-ad4c-846dd9c78fc7,edbade99-e3e8-4f1d-81d3-b2693d994861,dc204c01-dfb5-4e23-b04b-e3039d6e47ad,true,2
74cf48e3-e9bc-467a-bd4e-ee6476849f17,886d7baf-cb14-43a0-8100-6e3bed295568,7d4fb0d0-8101-4765-9615-7c73787c9def,true,5
3c6b3398-0fd4-4a75-a5ce-82b415458429,5002e5fc-fd0b-44fa-be29-76b835ab960d,18cb0fb8-854f-42d3-8c58-8af37fe49571,true,2
92478451-7be5-4054-94b2-a10c219037d2,57e10b91-6f1b-4b22-80fc-ba56a50d5e6e,78612671-b300-4ac8-a90b-74b26da964ab,true,4
590e916d-b25c-4c43-a569-6aa7327294f0,833ed7b5-7a42-40a2-8153-16e09ec73f59,e53fa1c9-8829-4843-8065-35a06e065ce3,true,3
bf4702d6-73dc-4e1b-b458-aa58f6c8b406,2dfac965-c791-4b88-9cfd-c8bb7bbe4fa1,e9d6ab84-178b-4881-9663-147ab6cb5d64,false,1
84283f66-d1c8-44ac-92a5-b5ddb29ef2b0,1a32dbce-7160-4fc3-a05a-cd0537e42caa,5002e5fc-fd0b-44fa-be29-76b835ab960d,true,4
33ac905b-d613-4da3-9728-c39bc5787999,3724dd23-b668-4f9a-83f1-2d62e8d4319c,951fe395-00e7-45ea-a46b-ec8a08717d6d,true,5
0fdc3368-e113-470d-8163-651737c9a0c3,b8c60729-70c1-4a4f-86e6-83bfcab372e6,adad1daa-6158-4e4c-9106-ea9114a1322f,true,1
d996ae41-3501-423c-af1c-c0c538e4bc0f,2612e17a-2569-459c-a978-8353f2dc12f6,417a9ca6-6b5c-4ada-9b46-ecdd932111c5,true,5
b1dac418-ebbd-4511-8eb7-2286f1559150,96e376c1-9e6b-45eb-8f3e-2d0d90de5b36,,true,2
d1bfbe60-97d3-4fae-9634-95a6f8241609,ac45e8f0-e927-4f0d-84fd-210269238553,,true,1
0c56daea-18f1-405c-932c-ad60613659c3,d1cbf7a7-6eb5-4ff9-9237-33b6784e2326,352d5eab-6e24-4164-b24d-8646bf5ca44f,true,1
93a25fae-577e-4198-b588-f85ad41c0e2f,c75ada29-5c98-45fa-876a-eee50c0fd403,bc4c1707-1ab5-431b-9af1-9b59b9e5e306,false,4
31a5319d-b8db-4c95-a159-3c4df40c9e5a,91c003ff-9eb0-47a3-81c8-2bec46eb4c93,78481247-5e18-45d9-aacd-0d095f17f5b9,true,3
5f6b2b6c-b7b5-4e0f-8c40-6028649d1897,9494d2ca-4051-4731-8439-a197719a3dcb,15ddb946-eddb-47e6-9171-95747278ee66,true,4
773c98d1-71c6-4e55-879f-07eac44b4172,fac1844a-a396-439c-99ac-2671a9444a72,dccf9aa5-6e21-4d47-897f-65b91b1dbfa8,false,2
b0c131ec-2aa9-41aa-97d8-97025bbe3e25,5874a313-6c82-4e7a-beb9-776af97eb06c,71d5fc69-da0c-47a6-9bd9-c618b4a8799e,false,5
e5b2cd20-3fd3-4bce-aafd-46a0903790a3,54b9ae0d-728e-4c7f-8f1a-d68e76c37882,3f6fc565-0e2e-48eb-ba01-fb7ca31d4c08,true,3
49bb49ec-2a75-45ba-bbda-14f0241931f7,0639b122-5d91-4fb9-9d30-d233206caede,,false,4
72a3434a-e08a-4ec2-b136-1f016a00ff92,772d8f0e-b82b-4a11-b76f-9968af1725a4,c31993a6-5d82-4e91-b816-f2def251edce,false,2
06478967-168c-4d4e-9dde-566308734e7b,0df1828b-2300-475c-805f-216a34be937f,4f7b129a-3d7a-4d1b-984a-132d8ca6c1a3,true,5
8a54ccae-fd08-4199-8059-f7729116c798,680ff47b-22db-47f1-bb06-cfc4b0f6b703,,true,4
6c3ee19a-ded2-424a-868f-9bdfe94e2f38,1aa78c0f-93fe-481e-8067-60ddc4b8f474,e4b4986a-ce2f-4c65-9a74-acf09febe9f9,true,2
e100f07d-1221-423c-a18a-55c75043c70e,1fec6e02-257b-49c5-8b59-54fc5a9c2c6c,,true,2
d8240e8d-4c76-4044-8b30-f690a12a778f,44c4d573-1945-474c-b2cf-faed7f6ab61b,502d50d3-a177-458c-b86c-de4b0a3b0d89,true,5
388e731d-0cf1-4468-b481-042e052e9ae1,914001c1-156a-4af2-a927-48fb798ffd79,,true,4
5ad90a3b-ff0e-481d-9c12-009098bbffaf,ef395658-db2b-48cf-a7cd-eceae325576e,46669406-403a-49fe-a7e4-23cd50d1905a,true,5
638c1a84-024c-46c9-8de7-d3e3eb13b701,f53088a3-f773-4346-8a1b-9466edf29db6,ad1557fc-f30a-4d4e-8eaa-8a79469277af,true,2
aad203a1-8309-4eb4-8bf6-e878c4a8fd90,6051f305-63f5-4f11-9ecb-154429cd93bb,262fd59f-ed4e-4e67-a7cf-67bd33322805,true,1
1ec5a63f-3a72-4899-9e02-a14f342d4607,66222515-fd7d-44a7-9702-b7f1bb4cf2af,,true,5
c356c3be-da22-4610-92c7-0d6385688997,9af008de-e229-4785-83b1-0f576c97967b,1fec6e02-257b-49c5-8b59-54fc5a9c2c6c,false,2
e3d23326-b2e1-461a-a676-54c493995d18,b19372b9-6c0d-4be9-9042-223c09fbe58c,94ba210d-1ed0-4f49-9a30-2f3de770a988,true,2
50d26fa0-9b83-4aa4-99b1-0b95d552c515,c06b91f8-2092-4c0b-8837-890424a40745,26f27c8f-148e-4f2f-83ec-7d3e514a9960,true,1
04f828ed-3079-4955-aebd-65c1431e911d,9b8b4d10-7600-46e7-b49d-6b9422814aae,9a165453-ed82-4ffb-9245-c15ada6400b2,true,5
2e74e8a9-f4d6-4dbe-a8fc-7ce86cb72a22,f1356ed4-7a49-4c4c-9ca4-39e34c84c6a7,7bf3f422-14e1-401a-b615-0b1215fbad86,false,3
8f320183-d6a7-442e-8ead-c4b0d4dd0ba6,a80215b9-dc37-4959-855e-8ed290f4608d,8c987e3e-2025-4501-8220-71dbe7a0ef83,true,2
0796ca45-67c4-467d-944b-bf349228128c,acc7b50b-1730-4978-b3eb-847c87416a46,c2d9c4b2-0fd1-43f9-a63a-8aa3e07c54e5,true,2
78219307-e1f0-4467-9375-1d74344b6661,21b3d31d-3680-49e0-89d8-331d955333de,111e3e98-6e6b-4516-b8e6-dd4484f0186d,true,3
7b917b00-cd13-40fe-9e42-c58d55991919,f12491b3-4e40-4409-8b6f-608d3bb9d621,c48d9ec8-9395-4b15-b723-64e499db8db2,true,1
c8bbd3ae-d18a-4cb8-931a-f7d3b9077b27,5f2f5dcb-3fc9-4dda-98b6-df3c4925d1bc,058111da-ecda-4057-a1c7-8e4f0545ed00,true,2
2a5e38df-59f9-48d6-9478-8e259ee0c201,309465a9-1ef0-43ab-88f5-d293b4e8b28a,,true,1
e75b9edc-6367-43d1-83ce-25ecdaa64704,209b951d-a0bb-47b2-ac89-8e77afefbc9a,,true,1
8e5a8279-6064-4c4a-831f-e78e6bb87f08,00217f27-e009-4ee9-9cee-40b9b88e9284,,false,2
8c87060c-3525-485c-9cd6-8ed8825c1198,34ea4089-e9be-45b1-9316-27f8902f9faf,111e3e98-6e6b-4516-b8e6-dd4484f0186d,true,1
1215d224-3323-4b3b-860a-8de330f6cd64,bc4c1707-1ab5-431b-9af1-9b59b9e5e306,8df12242-ff58-4334-8545-c57bf110913b,false,4
6074fb0b-cee9-4380-9f5a-a02827d36bb6,c8fe4085-40ca-4fe0-8f97-e862c9fc79af,6dd7c9eb-9248-48e1-b84c-8d91347debfb,true,4
17bb2bad-a44c-4b43-a782-918c340ab1f8,2a1348c7-80ba-41ad-8f0e-a54ee41986df,bd207451-3da4-4c8a-9c16-04672c6465cb,true,4
6d73fd25-a7b6-49a9-a6ed-cde88dcb8b2b,cd60b5ea-bcef-4df0-ac66-78feda1198a2,3928886c-4952-4650-9609-0bc792fda384,false,5
7b33d8b7-a62f-4a4d-a341-fb5309a28312,adad1daa-6158-4e4c-9106-ea9114a1322f,bc4c1707-1ab5-431b-9af1-9b59b9e5e306,true,1
d3be977e-c9ec-4411-b986-0afdd8f9b016,59f6f6d1-f3d2-4f35-9846-a3b78710a4f7,8ccc2a55-7769-4444-a4bb-75e9235bb21d,true,4
219c7be9-ed96-41a8-867e-1dde9f1e5692,1026cae6-ab00-4fd1-b4a7-1cef116cef79,28387536-523e-4bd1-9b00-6ba54c6158ee,true,5
654dac1c-a1c2-43a8-9157-dbe9956b5311,cd8254fe-185c-48bb-bab4-e26c3d7cc049,7e181b95-8ff6-467b-b25d-a7214910f491,true,3
d4d15587-076a-4c02-8eee-29439fe27e7d,c3abe8e1-5a48-484b-91d6-51aafd16719c,4b5b2542-4b83-4efb-aac0-0c69cd1b3c91,true,3
8763125e-72ae-4261-adf8-8098913165f0,851dae08-9b21-4cd9-ad9c-47d83ac5f0dc,1c346fe3-2579-48ce-ab3a-c0ff52717b86,false,3
4df8f25e-0a2a-4480-ab80-b1bdbe17307d,28a8e969-4a11-46c3-a1ec-afbdc6b10b64,444272e0-6dea-4e52-bcd1-7bf3843fd883,true,3
32ff7af4-72d7-4b6b-a9bb-2984e3c6598d,3a980254-11c7-4318-a826-10c743fd97ea,,true,1
ee2f8b61-8a7c-430e-be3c-3b6146208a5f,25de2273-b1fa-4f9b-b146-415ab14538b3,,true,5
ef2936a4-2312-4048-9efe-3cdb3897ab80,f64f376b-e62b-436d-b21a-3ee548c376dd,acb16a7b-a955-45df-baca-f0c2e743726e,false,5
f47466a9-ad65-4d7c-aa19-4d363bcb5198,8c987e3e-2025-4501-8220-71dbe7a0ef83,,false,3
38d8917d-b45d-4589-a8ab-ba0ac570cebe,692aa45c-02a2-46c3-83e0-098aa6073720,,false,2
ee0c28bf-b6ce-4f59-9e5a-4d49f6e777de,6b965d44-ae2c-4bf1-b211-89452b31a2a7,531c3f51-5597-448f-b10f-8dd78f6a948c,true,5
b20df7de-2224-4203-9695-ce16b68f02be,ba9ef3d3-c876-4d6a-81d8-32270576a223,71693463-27d9-4d35-9cea-9ba9ffc472f7,true,5
26c99a5b-9b4c-4527-8133-362c4c756c56,cf94f1f5-cade-4dec-b147-ef10de23c554,5002e5fc-fd0b-44fa-be29-76b835ab960d,true,5
3a41d3a8-94ae-48aa-8b33-1b699ad716fa,81596305-fe9b-4a7d-b72e-eeddd306b6fd,4a5e0304-98b4-4952-9ba9-3539b0be3662,true,1
2dcbd675-1a50-4e38-a839-629f16300f67,309465a9-1ef0-43ab-88f5-d293b4e8b28a,cb0443e8-14bc-42d5-b0b8-1a659490741d,true,1
8a5958d8-e826-42a4-9a89-1a8807de201b,7923e7de-a12d-409f-b878-80840df22b10,,true,3
74258834-ac64-4a46-bc80-53caf85264fe,734a30b8-6d29-4284-9e66-fca391686d29,2612e17a-2569-459c-a978-8353f2dc12f6,true,1
16d0af14-af95-4e88-b521-23d7c3239a02,1926cea6-8c3d-4fd8-9e8b-f1cc9d87cce5,3ebe6c0b-c713-4986-9c44-ee5aa1813304,true,2
b3835ab5-88e5-42fb-a3ac-253f51ae4a7b,baba913a-7f24-4ce5-bfd8-688bfe140784,,true,4
9e335930-8e11-46bb-8a51-e2fe32e6ee5a,4a5e0304-98b4-4952-9ba9-3539b0be3662,8b4badbf-e74c-483d-89bd-aff38ac04941,true,3
4aa8076b-a8a0-486e-8a4e-7f2e397222a7,b574c172-f3bc-430b-a41a-57c572ab0225,0d08a7e9-5ece-4319-8801-98af4dc9d7f9,true,5
8036f83c-81c4-40fb-88e4-dcdcebf6c23b,3423b6f6-a57f-4b0b-89c1-c1bfa7f8222a,f8d4ec60-62c4-436e-978c-e73ddb4b018f,true,1
3241e4d8-9d7d-4379-84e3-f614b86c5822,f8e78a31-f782-42e1-9bcf-8bd498a8fbd1,,true,3
1d63239f-eae0-4055-be5c-d64b7e7efb1d,e6e26344-523f-4f62-b366-198b3d125288,,true,3
ce82bf36-8bf3-4206-a9d7-b014f20e7017,784173d1-45b8-4c2e-bd9b-3f45f9ceeb2a,03907816-347e-4579-8f3e-faa2047d5400,true,5
4bde2f82-54d9-401b-86c3-9edf486cd0ee,b574c172-f3bc-430b-a41a-57c572ab0225,25de2273-b1fa-4f9b-b146-415ab14538b3,true,4
9257d4db-9383-4d81-9c39-37632baac272,77e36e32-16f6-4ffe-ad24-9bdfeeadc3f2,81062cc3-e7b3-48f7-8cd2-701b1d346376,true,2
a87fe37a-6aca-4733-b5c7-bd39d87403ea,49cde0a5-f791-4d6c-a71e-848f94436095,,false,4
a5a010e7-3d87-46e7-8775-27a57cb03e61,6164506e-2066-46cf-89f2-4b55c4a527a7,2e4c09cc-eea4-451e-ab0d-c8a4882e0370,true,4
cab10769-89db-4e81-a77b-ddba04858c5b,dccf9aa5-6e21-4d47-897f-65b91b1dbfa8,5d839663-c488-4849-b0fa-d01d15128e5f,true,1
c6635e80-d93b-4033-b166-9de9d705c553,352d5eab-6e24-4164-b24d-8646bf5ca44f,49e7f882-f5eb-4673-9d69-99b5cac746f9,true,1
2ddbe742-8b5a-4cb9-b1e6-7035b7457326,2d610009-b106-4965-b68c-a426d7ec31b4,f64f376b-e62b-436d-b21a-3ee548c376dd,true,4
6e893c55-eab8-4d6d-9752-daae3a2cad06,29dc6df3-1e0a-4379-833b-13438fd960eb,6cf7ca6c-13cd-4a13-9a4a-f4501040ab36,true,4
b25353a6-3419-4073-be78-a35d4de5b0f6,c690b4d3-27a8-4b76-9a05-3430edd95749,386d158d-ebf7-4a13-8889-dd070017902d,true,4
da8c0fd5-9d89-4d6a-99aa-cb635934c6d5,164889dd-bdc8-410c-87cd-c256e2964088,,true,4
155937f4-5ecb-446d-a033-a356e9f6b7d4,40bd6bdc-24d4-4858-83e8-81ac4df25303,18cb0fb8-854f-42d3-8c58-8af37fe49571,true,2
a410d575-8415-4b2b-b826-af2fa8909fa9,f53088a3-f773-4346-8a1b-9466edf29db6,25de2273-b1fa-4f9b-b146-415ab14538b3,true,5
d4f09866-9109-44ae-a5e6-5d8cef8f48e2,20a20baa-bdc8-49b2-ac29-3509dc2bc883,,true,4
fd893dec-a3c6-464f-830c-772394b3ee12,aa8c3b09-a225-4992-9b2b-42d15fe0fb2a,,true,5
ffac469b-c579-4f31-990e-ef16a87ab70e,886d7baf-cb14-43a0-8100-6e3bed295568,cf3ade03-0c9e-4fd1-ba97-0470cf56d5e5,true,3
048c4bb3-dae0-47e2-99c2-79a87d9ff712,38c0dc90-d25d-4f98-b137-025231d7e1fc,,true,1
bcb07d7d-2da0-4ae4-a44c-04626666ec7b,f1dc83d6-eb9e-4794-a518-ffc933411592,29dc6df3-1e0a-4379-833b-13438fd960eb,true,5
3df5670e-fc82-4a44-80cf-32e2a4a13bf2,db977bb1-e065-40f8-bab4-a368a214cf3f,06548654-67e7-4e53-a062-126bab911f50,true,4
7731c4b3-eea6-4f5c-83c6-243edcfa2ee0,bcf12831-8aff-4051-9cb4-40dbeb3c2f03,0d3c2707-26ca-403d-a9e1-adbf97d939e4,true,5
f42d1bde-fbf3-4fa5-adf6-89c2b4d195e3,27b613a8-bf8b-4623-bc66-490ed5602ecc,69f88612-76b7-46f9-a3d2-79183049a141,false,5
ddd9ccf2-153e-4481-a836-4e363f884249,ac45e8f0-e927-4f0d-84fd-210269238553,5a30985d-db00-4c73-aa69-a232e5d499fa,true,2
d933eccb-600e-4427-8ea3-70b8584cb7c9,1fec6e02-257b-49c5-8b59-54fc5a9c2c6c,8c987e3e-2025-4501-8220-71dbe7a0ef83,true,4
26a72761-f04b-4edc-b140-6118ca5ffc12,a790ff5e-6f46-474b-b951-9582e49ef97f,d87995a8-5f48-4599-ac6c-41b7692a22ba,true,4
ce010809-b3aa-44e0-8af4-4124bb5b754b,df5d6f9d-aee0-4422-9a86-f39ac2c72379,85024bf9-9be5-49dd-aac3-19927157219d,true,4
9f29339e-7439-4a3d-9f6b-cb8f6da0828b,0c8bad69-8569-4786-aeb0-eb6a5f67793b,42efd9e2-1642-47dd-a9cb-b69d95da53ff,true,3
14909178-b555-4f05-b18d-bc2a82dadf15,3a980254-11c7-4318-a826-10c743fd97ea,2d610009-b106-4965-b68c-a426d7ec31b4,true,2
87fcc348-690b-4d8b-8172-0496b4ea9667,09b19e4a-7ba2-44d6-be8a-9adc352d2996,a5d5e2a8-2818-4248-9cb9-db4d68c56e91,true,1
ac341d13-e595-4ff0-baf9-3be288c47f5b,3546732e-2b15-4563-a8cb-2668e030d5c3,,true,5
ab430551-e917-4798-9512-6669357a8eee,bd3f8778-5664-4152-97ae-d36c99056e78,,false,3
b6c82335-5b43-434d-a48d-b0440a325c0b,f4680894-77a8-4f5b-a8b1-ef19701974e0,7e96b30e-21ba-4235-a7b9-db64eb84f057,true,5
78835f7a-00ae-4ed5-af08-14840de08238,cb8bd590-4d0a-4d05-a7fc-1f77ce5f4ffe,,true,3
b6f5129c-df17-4bb4-979b-44b327b351ba,4f7b129a-3d7a-4d1b-984a-132d8ca6c1a3,,true,4
57de0c51-6094-4f74-b269-6982f18ac80d,adad1daa-6158-4e4c-9106-ea9114a1322f,49e7f882-f5eb-4673-9d69-99b5cac746f9,true,5
245e0333-1625-45f5-b783-3295d7ec8e57,71cce2d7-ef73-435e-82ff-3b48575d3a19,ea9c4558-36f0-4ca9-9d43-9b35097bfa6b,true,5
1f595e82-8a1b-42b9-913a-6a055d728cb6,5ae01f62-99ff-49b8-a5c8-e50feca6d4c7,de8145ee-bf42-49fe-9536-048af0ead270,true,2
febae3b5-689c-4959-b54b-e6a3512903c0,33931b9a-623d-4f47-ac30-aa54c203a0a3,ac45e8f0-e927-4f0d-84fd-210269238553,false,2
ac1fcbe6-ba51-413c-b945-68b7d41587e6,cab3670c-75b4-483d-8bf6-fb01a047270f,cc9c6236-816f-4a1f-bae8-b67087be9a79,true,4
8e7f781d-d67e-4c00-bf59-f40b47fcd912,bd3f8778-5664-4152-97ae-d36c99056e78,,true,5
2ae64101-5ee6-42e8-ac64-bf3cb99646a5,0c335b0b-0baf-4034-b4fe-9a0aeda7da1b,,true,2
c9ae8918-2a23-44c8-9ddb-915fe8563e99,2ee7dff2-69ed-40c2-9a4d-5aebd79c4313,40bd6bdc-24d4-4858-83e8-81ac4df25303,true,3
a9eb9991-afa1-4a11-8709-cfed9a78d8cc,851dae08-9b21-4cd9-ad9c-47d83ac5f0dc,25de2273-b1fa-4f9b-b146-415ab14538b3,true,5
c0b7b711-0043-4e79-91c2-b15aa2b50fa1,3546732e-2b15-4563-a8cb-2668e030d5c3,f198609e-2c6f-41a4-a5c5-858c9cbb5cf2,true,2
40e2ee01-c4aa-4fb6-aafa-9fc1799a3fa7,b96648c3-63b4-42b1-abda-1160f1ea31a4,54b9ae0d-728e-4c7f-8f1a-d68e76c37882,true,5
f5ea36fc-b847-446b-99b9-ba3fbb501e06,bd207451-3da4-4c8a-9c16-04672c6465cb,1926cea6-8c3d-4fd8-9e8b-f1cc9d87cce5,true,1
61456226-de4b-4519-83fe-3cfbd67ec338,5f3b5949-9df0-4f45-8d2f-f105cc73e896,,true,5
9b582fa8-27c2-4d69-ac31-ed69ca41be7b,ab211222-b614-4d8d-8c65-248af1c38962,680ff47b-22db-47f1-bb06-cfc4b0f6b703,false,4
c1d8bb6e-5194-46aa-aeca-c583183b7445,a040ac13-b3d3-448f-9836-a5d40c4d6fb8,edbade99-e3e8-4f1d-81d3-b2693d994861,true,5
22f4c1b4-7b6a-4f63-ac9b-9f05fd6fc2bb,163927a4-7155-4b7a-a093-e6aa2cd310e0,209b951d-a0bb-47b2-ac89-8e77afefbc9a,true,4
0e6d884b-adac-4519-8086-d2df0ffd21da,30f73013-6b00-4780-8683-6f63c78970e0,66222515-fd7d-44a7-9702-b7f1bb4cf2af,true,2
3834b352-88f9-4374-acc8-c48f2a5f6867,f9dcff4b-f7f7-4d67-b836-c82330471b19,1025fa10-98a9-4d35-90c0-a90dc80f37ef,true,2
28c76772-fee7-4e2a-80ef-5d8f51f49402,21993749-e115-4773-b584-3831765e9492,fb6460ef-ee53-4343-870d-ac69bfd70966,false,1
3dd77e92-6d34-42c4-8a34-3f5a0b76fe44,1c8b5d3c-e795-458b-a158-c2f88f46166d,fdd25d43-0183-4e81-9950-457593bac3ef,false,3
023c782c-28dd-4599-bb3c-f8fc38f42bda,2769b9da-3c9a-40d3-a50e-6cc36709c1eb,58509a00-952e-46f8-9aa8-76bdbf412045,false,2
527c04f0-71c8-40cb-9f0a-230e974bd637,49cde0a5-f791-4d6c-a71e-848f94436095,b8871dee-beef-441c-b1d9-a185eeb2e47a,true,4
f5fed6b3-0eee-4c91-8cc5-c05d920e55bc,ba0817ae-3d44-4bab-a16e-8c39896fa289,,true,2
c576a3f6-cb81-4039-bdf3-7094b835e45b,41056f46-cf87-40e0-8449-cc81f227bce5,de2c6ed1-9cfc-450f-a21e-f89785de5ad8,true,5
b23fbce8-11ea-4b04-89b5-04f19afb0f91,cc67322c-3a9c-4c14-8f1c-4199130f188f,40bd6bdc-24d4-4858-83e8-81ac4df25303,true,3
bf8715d5-62e1-457f-bdc6-19859642de25,a739e9ee-0557-4287-af2f-49727866e081,d63643fe-d41c-4df7-a7e0-abf8c87998b3,true,4
20ce6bd3-a8b1-4e73-8745-4e044efb8c24,db977bb1-e065-40f8-bab4-a368a214cf3f,71693463-27d9-4d35-9cea-9ba9ffc472f7,true,5
b7bb8b56-4b6e-43d9-841b-3c9a30bc8f6d,73ebdb4e-34dc-4925-bb16-000fe0c01b73,9ad67a61-8a1a-41c6-a914-b6e01ae4b0e1,true,2
4e805b62-8655-4075-8928-4cbdda402ca9,e4b1d81f-20c2-4af4-8cd0-a950e0fa074d,22dbb86d-1d68-4875-b18d-38c2d7f136f4,false,5
656c758b-a9dc-4a1d-90b3-1fd20a0ec3da,f198609e-2c6f-41a4-a5c5-858c9cbb5cf2,afc2e2ae-77e3-4897-b324-1fe9d1fa6f97,true,1
a09e9c59-3266-4d05-946c-e88cb47a86c1,4e08ce8c-ca3c-4563-a7ee-325c98e6eaa3,4d69bb3b-e8f4-4bb9-83bb-6e1c577b817f,true,4
83cefdab-9da7-437b-b2bc-fe430010f825,e649b60e-61eb-4606-8719-aeb738816515,,true,4
9367d6e6-b8a1-4c6d-91c4-a5d69337e12b,81062cc3-e7b3-48f7-8cd2-701b1d346376,4be421c3-f97e-4ab4-be42-d25e557322f0,true,2
6458d767-5aff-4485-8fda-0033c6498a32,734a30b8-6d29-4284-9e66-fca391686d29,,true,3
a0aa9b3e-6a5d-4484-b0a2-966ca0f375b2,66086217-5420-456f-aafe-bb1dcb3b4ce0,acb16a7b-a955-45df-baca-f0c2e743726e,true,4
519e1676-ef08-417b-8624-4ea34588a392,381e6912-2b90-435a-aa02-62e48c990964,,false,4
3d10d86a-32b4-4aeb-8f09-fecb1c81a74d,c4daa09a-3e98-4c62-a97c-22a1a1d9ca67,,true,5
607d0c5e-7bc4-45ba-8bab-88245b7418ee,4a09a593-6217-4364-9098-534109628c62,,false,5
cf349b99-5231-4442-bc68-4c131c455b9b,0d3c2707-26ca-403d-a9e1-adbf97d939e4,,true,1
c9faa26f-bf25-4f24-9fb7-3e446245c829,6b965d44-ae2c-4bf1-b211-89452b31a2a7,a73fee13-449f-45cb-8b21-6267303dd262,true,5
e5cb9f04-2aca-4606-8dbb-7382c9421232,fc55337c-a946-462d-a32d-b285f44e6e7f,,true,3
28bf7c69-f60b-4a83-8b6d-2aa0e3148652,9cefa53c-b982-41a3-ba9f-d6efa53cf486,d15fec3a-055a-4b54-8bb5-ef858c2cfab2,true,4
90fc246c-5ae0-4356-bb37-44f54faacc55,9b8b4d10-7600-46e7-b49d-6b9422814aae,,false,2
7069276c-889a-4517-a7d8-e2b5688c206a,43894fef-22d6-4f4a-accb-c3da4972eada,59255526-45ca-4855-9d65-c9e5225412fb,false,1
d54de7fd-f592-461c-9d43-b952b7992669,af5d9ff8-b143-41a7-bbb9-9b06cd6f099b,,true,3
8044d195-fbcd-4908-a6be-7abc24745fd0,5ac842cc-ff1b-446a-b015-f6f8fbfb3f2e,,true,4
37a33118-7598-4421-9339-019e57a02aea,a040ac13-b3d3-448f-9836-a5d40c4d6fb8,4a09a593-6217-4364-9098-534109628c62,true,3
15c4f8a3-5b01-46f1-b8a3-f16239b1ab35,5aa0cbb7-f48b-4fd5-bfd9-14e765c739e0,0df1828b-2300-475c-805f-216a34be937f,true,4
09292315-40e5-41f1-8550-234c25a9559a,eb4c45d4-b8ee-4a05-874f-83fe5d768495,fe661fcf-edca-4d68-8fad-14b4f0283e66,true,5
defd7856-fea8-4676-aa58-dea1758642e3,9d5b45be-144c-4934-bbec-26cfb3c3d385,f64f376b-e62b-436d-b21a-3ee548c376dd,false,2
2c4fc652-a4df-4f23-aad6-76921022a01c,f53088a3-f773-4346-8a1b-9466edf29db6,,true,5
1b474b26-eea9-47ec-9c46-d06287f83893,b8c60729-70c1-4a4f-86e6-83bfcab372e6,,false,4
fefeb110-36e1-41fd-9bd1-dc0ea73ea71d,ed736465-9534-4462-9874-49759ecde945,2dc9f76a-4a8b-490c-a0c9-874940bb8d81,true,2
50aa73d0-79a2-42e0-9bec-d5d44163a1f2,b19372b9-6c0d-4be9-9042-223c09fbe58c,f8e78a31-f782-42e1-9bcf-8bd498a8fbd1,true,5
6d992264-2542-494a-939b-b495a6a8be26,e4b4986a-ce2f-4c65-9a74-acf09febe9f9,058111da-ecda-4057-a1c7-8e4f0545ed00,true,4
2f50a72e-c264-4482-b790-1c841e936f0a,baba913a-7f24-4ce5-bfd8-688bfe140784,,true,2
8083e685-7f24-47f6-a238-97bb374388d5,4efd30b4-9739-44e7-8c50-8bc4a7b3ac59,,true,4
0b4123f8-58d6-4071-93a8-51c50225a0ab,cf94f1f5-cade-4dec-b147-ef10de23c554,e5141634-b656-4c6b-a968-707cf1880cbe,false,3
77af3f76-d76c-42a9-b69f-c82b09ab7d5a,0be83d75-a613-490e-beec-c515e0246424,,true,2
878599d6-e55a-4c5d-9c71-24f380703476,f1356ed4-7a49-4c4c-9ca4-39e34c84c6a7,c963fd89-6044-4108-9fbd-10e58247b865,true,1
5460a919-abfe-48de-a9b4-6b0a13c5535e,92eb2e93-ddde-4100-9ade-d6d36cbceaaa,5f2f5dcb-3fc9-4dda-98b6-df3c4925d1bc,true,3
395cf804-95df-4b8b-b0e7-a8e227a62420,271dd90c-fd33-47b0-960f-79ad65b3d003,bff2c9ea-8484-4656-9516-03b35cccf690,true,5
f86b20bf-3924-4fd4-9c90-f5be6d2f4788,468298e0-717c-4bc5-b024-a1a5c8bdf274,21993749-e115-4773-b584-3831765e9492,false,2
1e1c26aa-0e08-4e45-a5e0-e9e9d6bf487b,e69f2509-7154-4ec9-8014-73f53ded1e14,,true,2
4db2a112-a95a-4c4c-8204-96d1f85b2960,831b7487-21ab-4c38-b373-332509717805,886d7baf-cb14-43a0-8100-6e3bed295568,true,3
b2f6b837-26da-4081-9b33-be357d89a3f5,c690b4d3-27a8-4b76-9a05-3430edd95749,c4f8ab84-8951-4690-a3d3-8be43ddf0f77,false,4
dee21ffa-cb8c-4755-8f36-29c5e8152f83,d3252523-55f9-4642-9da0-57f244b9631e,e44b5bd1-288a-4988-9341-3c3b4a0308b1,true,1
32891e12-ad56-45cd-99bc-b89b7903e705,f5484725-b6d0-44f0-a7cd-f6291d9baf5d,d1027aef-622a-4069-856d-3c890c02c4b1,true,1
8875d389-ff91-4d68-a2f9-25280a48fda8,30f73013-6b00-4780-8683-6f63c78970e0,9f78e175-e15c-4bf8-99b6-4faefdeb3634,true,4
4aa5653f-9205-4f45-b4bc-e1574e467669,1fec6e02-257b-49c5-8b59-54fc5a9c2c6c,4f193b32-66a8-40e6-ba14-65ff65537ef4,true,1
ae49ea7b-012d-403d-864c-e47fa8f8b847,692aa45c-02a2-46c3-83e0-098aa6073720,af469702-a799-4d3b-8532-e22bd4d640fb,true,1
43175272-de7a-4891-9cb8-2e1b7f84bcc5,7246d369-3dbb-43e5-9a2d-c2936a3e39f4,,true,2
b77050e1-d9a5-452b-97b5-7b069ec57164,417a9ca6-6b5c-4ada-9b46-ecdd932111c5,,true,4
bf69b09f-a6dd-4ceb-9211-7f6ca3a1dcf3,164889dd-bdc8-410c-87cd-c256e2964088,,true,3
106b06c1-2322-4aed-bbed-f8cfa1e896d3,8df12242-ff58-4334-8545-c57bf110913b,89de52a1-50c5-495b-a4ec-245e07bec7df,true,2
3d6cb7b2-e15f-48c2-a1e1-06f1aa19fe5b,28b349d8-ca81-444a-9f83-8094ae2124db,,true,1
5d3309d4-246a-4a89-896f-cb84fc0e583b,7b76cac7-6a4b-48e3-91f4-11209d0c8cff,c7a54fd2-c7ba-4646-b38a-3579b592bc36,true,3
9d373f43-3678-4fdd-80a6-b03b155cd010,9cefa53c-b982-41a3-ba9f-d6efa53cf486,,true,1
53309de1-2568-47d0-8659-f28f768fc6d9,2769b9da-3c9a-40d3-a50e-6cc36709c1eb,1c346fe3-2579-48ce-ab3a-c0ff52717b86,false,1
8deb443e-0edb-4018-9d37-c39de4a1abab,1f1c088c-43a2-4253-a317-80da0f00a359,4039378e-b715-4b67-ba5d-f32ce0e7d3c3,true,3
5291334e-25ad-4e55-bdd4-ba272ccf6aab,3c8c6679-5cd8-4c76-a0d1-8dc6eeaa0f04,d21b2861-4008-4447-9ae1-e90e6b1c249d,true,5
84ee574b-a467-4dee-8b02-571568023a4c,058111da-ecda-4057-a1c7-8e4f0545ed00,297a76e7-72ae-4d08-a78f-49c081388bea,false,5
f17026ff-493c-45ba-8596-f1fef2704c24,59255526-45ca-4855-9d65-c9e5225412fb,163927a4-7155-4b7a-a093-e6aa2cd310e0,true,1
cf24b7a8-9a21-45d2-9ba5-b7766c8c48c5,a3bb391b-4ae3-47d7-9fc3-be0e31fa3757,525f855e-a83d-4fad-bcf1-7408eefbbd14,true,3
1717389b-3401-4678-b531-c71e1f0bc73d,4e08ce8c-ca3c-4563-a7ee-325c98e6eaa3,36600ff1-253a-4c25-931d-ee27fd86ef84,true,4
9409cdc2-8f9e-4472-954d-489fa879fe43,97718a46-2791-4f3c-a834-b2f2261ddbd8,2d610009-b106-4965-b68c-a426d7ec31b4,true,3
50ca4a3d-e644-4b70-8e45-97a589cbd70f,1f2c38b5-8d67-4611-86fb-d6af08306458,7d52a70d-c9c3-4aca-9d37-aaeece1557f7,true,3
adc48641-34f9-41f0-8108-2a86f4f94b7c,cd60b5ea-bcef-4df0-ac66-78feda1198a2,73cbb5f1-2fb5-482a-a5ce-70233ca897f0,true,3
3724acd9-8d1e-4f2f-9a8a-ec51c65f5a44,5ae01f62-99ff-49b8-a5c8-e50feca6d4c7,,true,2
7d642311-682b-4def-bb91-b27778691888,772d8f0e-b82b-4a11-b76f-9968af1725a4,,true,2
f35b6270-4a94-4496-836c-1fd5620749ed,09b19e4a-7ba2-44d6-be8a-9adc352d2996,7923e7de-a12d-409f-b878-80840df22b10,false,2
ed36249b-9b7c-41ec-8b3f-ea947073099b,a3bb391b-4ae3-47d7-9fc3-be0e31fa3757,42efd9e2-1642-47dd-a9cb-b69d95da53ff,true,2
82808865-b807-4662-9a25-81578dff9db8,fcb8e74a-d87d-4900-a566-81bb84711aaa,69c07b64-c979-4d20-bc69-0bda53adc2a6,true,3
e060f75b-3eb9-400b-83c3-db220bd6034d,34ea4089-e9be-45b1-9316-27f8902f9faf,,true,3
3d195912-e0f5-4c2a-8a89-c6c2611f9891,afc2e2ae-77e3-4897-b324-1fe9d1fa6f97,,true,5
2ea61dfe-ba64-404d-aa08-1e4fa3d0bc36,09b19e4a-7ba2-44d6-be8a-9adc352d2996,e50a10de-bf5b-4053-93f2-d42772410616,true,3
930be9c5-3c1f-4554-953c-5a75dc350015,54d27759-f747-4654-a193-f0fe3e5264d3,ea5e8b3b-83c6-47cb-b071-a0cd64ab01dc,false,1
1ab243a9-8ea8-46ea-a8f5-f3a803a0960c,26bdb8b5-b3f6-4595-878b-b716beeb326e,5df82937-a38e-4736-9bfa-60ad99cb0850,true,2
b3b1ae88-fac2-4e50-8c3a-2e23fc75ecb9,3c8c6679-5cd8-4c76-a0d1-8dc6eeaa0f04,090f8dd9-a1ed-4060-b4d9-c91a95a7afa2,true,1
b18a277d-3bc1-43f3-b4c7-cfad6aa9ca06,25de2273-b1fa-4f9b-b146-415ab14538b3,,false,3
3d3be75d-4c39-451c-89dc-6299e201adca,df5d6f9d-aee0-4422-9a86-f39ac2c72379,0d973f51-fc28-47c6-9a84-ba80b324adaa,true,2
2b0bacc7-00d1-4fa5-957e-afa813448430,e8b283dd-828b-4499-bc96-aeb691cf4add,e69f2509-7154-4ec9-8014-73f53ded1e14,true,2
8a154d0f-07f7-42eb-ae5d-d6f7ebbe9464,b6d4f513-7e90-4823-b60c-8cb1736f9fa5,831b7487-21ab-4c38-b373-332509717805,true,3
60b0dfad-9b86-4093-b190-52223a4638c6,431f0b95-4dee-4c9e-a6b3-857d18770cca,7246d369-3dbb-43e5-9a2d-c2936a3e39f4,true,4
650a0499-5bc4-48ac-a9e2-76ff7509fd6b,85024bf9-9be5-49dd-aac3-19927157219d,81062cc3-e7b3-48f7-8cd2-701b1d346376,true,2
92d85f35-5e45-49d5-ab78-e41b09af230a,17552c6c-71f6-4f3e-982c-a6e0c3f8dc54,edd19bcd-5a3d-4a71-a326-eb3205e1baf3,true,3
a33c5445-2563-4d26-8b38-cbf00dc0b5c1,730511ea-946d-42a2-8c96-a68fb9dad8a4,ef942e74-3ea8-47ca-8263-e3e23a78fd28,false,4
e1b31e79-a9b3-4e64-9309-91efbe803147,fb6460ef-ee53-4343-870d-ac69bfd70966,f843653d-736d-4439-a354-91c55be356f1,true,4
98a92b26-df71-482e-9a2a-d8a5c88f7caa,468298e0-717c-4bc5-b024-a1a5c8bdf274,3928886c-4952-4650-9609-0bc792fda384,true,4
76edcf94-aea5-4967-9aae-6eb886cbe34b,66222515-fd7d-44a7-9702-b7f1bb4cf2af,164889dd-bdc8-410c-87cd-c256e2964088,true,4
e693c22b-ee01-437d-b92a-745ebcc3992b,66086217-5420-456f-aafe-bb1dcb3b4ce0,dccf9aa5-6e21-4d47-897f-65b91b1dbfa8,false,4
f76a88bd-e8b3-450e-b290-866ab5e668d9,1a32dbce-7160-4fc3-a05a-cd0537e42caa,59255526-45ca-4855-9d65-c9e5225412fb,true,3
f909ff7e-7edd-4741-b4d4-cd4d2b1de176,5f96d05c-4845-489b-8344-221538283ea7,8b4badbf-e74c-483d-89bd-aff38ac04941,true,3
b4c700d5-fcfb-4d2b-814f-ebbfca08128d,de2c6ed1-9cfc-450f-a21e-f89785de5ad8,,true,5
de401579-a528-4fde-a652-142743509ac4,35e24f0e-8883-4ee0-9c89-6436d3c97a5c,,false,3
fa0fa335-2608-414d-aefd-dde7c8083c2e,680ff47b-22db-47f1-bb06-cfc4b0f6b703,0d08a7e9-5ece-4319-8801-98af4dc9d7f9,true,2
335eaa34-d87b-49a5-bec8-3f158aaecc34,a2cd789a-32f5-4181-b028-bcd7d0b3258b,e4b4986a-ce2f-4c65-9a74-acf09febe9f9,true,2
7bc188b0-f49c-46f5-8bc0-de1ac86e9f8d,d1027aef-622a-4069-856d-3c890c02c4b1,,true,3
99a76a9b-af9d-46b4-9597-272c1f892a6d,b310fd4f-b707-4395-9453-26a18e45da24,b318de61-6e14-4bec-91ba-57aa34b0a9b5,true,2
1f0e56d7-1af4-45c8-a1fa-7beed252887a,7a4cf824-11db-478e-8f36-15a5b2345d3a,cd60b5ea-bcef-4df0-ac66-78feda1198a2,true,3
18d789a0-dd87-400b-aeef-5d2814384970,f251d4ed-5321-44e8-bf15-85f8532b019a,b3b1a102-1f99-41c9-bd56-7ea186255aa3,true,4
edb6e7dd-2728-42ce-a40a-45256d8bfc46,78481247-5e18-45d9-aacd-0d095f17f5b9,fabec5e5-b43d-4109-91ea-3e639151c802,false,1
2feeefa8-5129-4d6b-9b4a-6efc60e6c88e,531c3f51-5597-448f-b10f-8dd78f6a948c,afc2e2ae-77e3-4897-b324-1fe9d1fa6f97,true,3
f957d518-64ab-4d50-aa2a-849933ddf38f,acb16a7b-a955-45df-baca-f0c2e743726e,66086217-5420-456f-aafe-bb1dcb3b4ce0,true,1
93dd2279-ca75-4fdb-aea6-808fcb46be77,8e53512d-453b-43a1-9d36-79d75186ba5b,fabec5e5-b43d-4109-91ea-3e639151c802,true,4
ed4eae10-8b5d-43cc-a70d-21dd87653ee4,5ae01f62-99ff-49b8-a5c8-e50feca6d4c7,ed35d3db-fc17-4364-8e36-1e6daeb4c3d7,true,2
fd5af52c-44ae-4e8e-813d-568c4504d6c0,54d27759-f747-4654-a193-f0fe3e5264d3,,true,4
054c8bcd-40e2-4b55-a4ce-bcc8dcb40135,da4b2d58-f835-40cd-808b-4936bc017cea,e69f2509-7154-4ec9-8014-73f53ded1e14,true,4
508bc0c7-6a71-4fa1-ba32-d32e09c11fff,d21b2861-4008-4447-9ae1-e90e6b1c249d,914001c1-156a-4af2-a927-48fb798ffd79,true,1
470ba5f5-dd62-4c0d-8f9f-4148867c8853,6051f305-63f5-4f11-9ecb-154429cd93bb,3cc6d875-11b8-4799-ba04-9764fcfc7afc,true,3
c8b706dc-8da6-4cba-9bd9-0033b68dac82,1c4d677b-3556-4614-90aa-362b503eeaec,30f73013-6b00-4780-8683-6f63c78970e0,true,1
f9604420-d53c-4580-b11d-13eb9e5f6b9b,09d475f9-67ca-4155-9888-dad40e697ac7,734a30b8-6d29-4284-9e66-fca391686d29,true,5
03f69717-a62f-4bd0-9922-5d05f48c22a4,d3252523-55f9-4642-9da0-57f244b9631e,bd25b8f6-0e00-4c80-8c47-f81a3757c079,true,1
14356d19-6722-4b3a-b420-b460671311d0,57e10b91-6f1b-4b22-80fc-ba56a50d5e6e,aa67cab0-119c-4650-963e-0b5d1a2c96dd,false,1
edc1c821-8a63-4041-9c92-4352ce94e317,2b4c52ce-ba08-4972-9907-9aa0242e1f63,36bad9f4-e83d-478c-94b9-a78e1867252f,true,1
fff4671b-935b-48af-ab09-eef09a8b017a,15ddb946-eddb-47e6-9171-95747278ee66,62d68406-250b-456c-b6c4-39dc22b732e3,true,3
7ab7d8cb-df9a-4412-88c2-8578558e91e7,8b4badbf-e74c-483d-89bd-aff38ac04941,d1027aef-622a-4069-856d-3c890c02c4b1,true,5
485e7cf1-5e86-45d6-b192-48a58f52db2d,5f829de2-a75a-475b-b584-180e63be7762,,true,1
974f2207-b843-4cdb-8198-c81c4315f439,1d9a961d-1fb3-4648-af7a-eedb59e7a45e,bc4c1707-1ab5-431b-9af1-9b59b9e5e306,true,3
50a08388-913f-423c-b0ed-c05be7ad5bba,6a58b8c8-12e6-4d63-b12c-93d8026cd481,d7d3fb2b-8a7d-4000-a654-2ad766f653b8,false,4
ec1c188e-6ea4-46b0-b7f1-717a76311a9d,da5fb507-4c57-458a-a92d-e0140a938fe8,,true,1
1eb8931d-9449-4298-899d-03ae977b91d3,f53088a3-f773-4346-8a1b-9466edf29db6,4a5e0304-98b4-4952-9ba9-3539b0be3662,false,5
206cba01-c417-44ef-bc79-fff52795af5b,c7bc603b-7e5d-491b-bd42-d23bc9e94d83,dc204c01-dfb5-4e23-b04b-e3039d6e47ad,false,3
bc53b7f5-dffd-4041-9143-65dd500186c9,c75ada29-5c98-45fa-876a-eee50c0fd403,,true,3
1732a8bf-dce8-43e8-b3cf-9141ac7283c8,47722bd9-56de-43af-b244-decaf8080912,b1cd8d06-88db-46c4-8cfb-5d78e192be7c,true,2
2b70043e-f3a8-4820-b252-c644a8c7d1fc,15ddb946-eddb-47e6-9171-95747278ee66,af4bd264-68dc-4cea-823a-8f808dd9fbec,true,4
677609e3-3f6d-4ce6-a688-ada7d611ee6c,807496fd-aaa3-4c8a-8fbb-85b88eb207e3,,true,4
9faa10a5-3eae-4dc4-923a-e7c05c7a2284,4f7b129a-3d7a-4d1b-984a-132d8ca6c1a3,3546732e-2b15-4563-a8cb-2668e030d5c3,true,3
0485eb1f-4d0d-4c23-ad5c-7307688fee93,f625b28d-ca91-4536-a3bd-ec57f0777834,e69f2509-7154-4ec9-8014-73f53ded1e14,true,4
e3f3f7ed-fd7d-44ff-92a2-76b0d4d905f6,fc3da23e-9b1f-4d05-a062-a3ba4569515a,,true,4
6162efd3-52ad-48b7-985f-91816887bbbd,7f96bc82-f70d-4707-bdae-19055979b251,,true,1
db8f001a-2011-4d21-92bb-19682b566889,1c8b5d3c-e795-458b-a158-c2f88f46166d,dbea5edf-9b05-4612-bbda-9fbdb2355006,true,5
cf0d19e2-6c70-4054-96c7-0c4e7adb3d1b,cf94f1f5-cade-4dec-b147-ef10de23c554,,true,5
03f55658-a706-447e-a919-77794ab11367,268c3fe0-9f23-4355-bfb7-ab387c6179f4,e375bde5-d7fd-42a6-af14-ec75e1f7b92d,true,3
e3d4965b-2eb4-4b93-aab6-e8b733f5db46,5d839663-c488-4849-b0fa-d01d15128e5f,,true,4
342c881f-bff2-459e-ac49-6291814f6ae4,629cc4aa-ae1a-412c-a20e-adc7fe060501,52765d27-d3a1-44fa-9fde-0121a017ab9f,true,5
2d2b7dd2-7b4a-49dc-8a6f-1546ce253897,831b7487-21ab-4c38-b373-332509717805,ae952426-a499-409c-8281-1489c6e80c15,true,1
29d0d74c-32b6-47a6-a6ba-b1f5acd62354,f687b6c2-f1c0-4501-97a0-d85197f8d27e,,true,4
c295b3d8-c9fb-46c6-912f-b4291fe35985,fcb8e74a-d87d-4900-a566-81bb84711aaa,8e53512d-453b-43a1-9d36-79d75186ba5b,false,2
b5c9a221-5391-4f71-803c-6e2f403229b9,7fa8d19d-4c7e-4119-9185-343bd01c85e7,7d4fb0d0-8101-4765-9615-7c73787c9def,true,3
e24a58c8-8f99-4164-b2ae-45d4acb09b4c,163927a4-7155-4b7a-a093-e6aa2cd310e0,b6d4f513-7e90-4823-b60c-8cb1736f9fa5,false,5
2fbbc96f-a498-4258-a641-9be7095f037f,019506c8-990f-402f-b0ff-1e3e7dc320b9,805baf70-0409-4a7a-be71-7cd8b57075e4,true,2
73b12bab-e497-4bf0-b640-82b7e8570572,f1dc83d6-eb9e-4794-a518-ffc933411592,,true,1
a916416e-ef8a-4afd-a50a-d8f2a67a7bb1,e9d6ab84-178b-4881-9663-147ab6cb5d64,afc2e2ae-77e3-4897-b324-1fe9d1fa6f97,true,5
62416d70-d686-4c12-bc50-0d1bb747d2c1,bac0076e-29b8-4b5c-9998-bde488013377,de75377a-5706-4f52-a5fc-a8347b502d49,true,3
8a96a26c-fb62-40d5-84c6-49e64da1bbd3,41056f46-cf87-40e0-8449-cc81f227bce5,a2dcfe96-88eb-4a3c-8a0a-a5b0917e6f99,false,3
c793ed6b-84d6-454e-a495-9fe12d3738c0,5a0e2f79-bb7a-4ba7-842d-b947fe9c451e,46669406-403a-49fe-a7e4-23cd50d1905a,true,2
746e10c9-1ab7-45fa-8fd5-7657075805f1,4a5e0304-98b4-4952-9ba9-3539b0be3662,82ea25cc-468d-4133-95a1-a6be631b487a,true,1
af5c84ab-bdf3-4932-959a-f317f139121a,59255526-45ca-4855-9d65-c9e5225412fb,103b7cf8-181f-4646-9e8a-5e93180fbff1,true,2
0c8f2660-272f-4c82-8bf8-8a6ca62ded53,edd19bcd-5a3d-4a71-a326-eb3205e1baf3,,true,4
870b0e3c-096f-4ef9-9cce-337cf694621c,f12491b3-4e40-4409-8b6f-608d3bb9d621,,false,4
2306e16c-4f20-4822-b21f-fa6714728f06,7e4e29f2-7255-4e83-8b95-a7a018ad1771,f21969a4-7287-47b6-aecb-db0ee67abd0f,false,5
dd77c854-6566-4e24-86e1-610f4ff0b6d3,1fec6e02-257b-49c5-8b59-54fc5a9c2c6c,830ed060-429d-4c8a-a6ac-fd56d90b0a99,true,1
d06eaac6-8c59-4bfb-923e-8251c26f22d3,aee738af-b780-4ec6-94e7-3c4f609135e3,dc204c01-dfb5-4e23-b04b-e3039d6e47ad,true,1
7754d800-f613-4de0-bbd6-b81550c1655d,3d44fa59-e0ed-4c83-80ac-01c1c5917a27,cd60b5ea-bcef-4df0-ac66-78feda1198a2,true,5
91c4aa6e-02c0-48b9-be15-f3c0537ae699,cab3670c-75b4-483d-8bf6-fb01a047270f,772d8f0e-b82b-4a11-b76f-9968af1725a4,false,5
c798633c-561c-47d8-b25e-f7837752d9e7,c588c082-73c3-4070-831b-92d7e984410d,afc2e2ae-77e3-4897-b324-1fe9d1fa6f97,true,4
e28dc1f0-674e-4323-bfa3-710b5448edf9,e28adb9d-4aef-476c-8252-49f90942e87c,ef395658-db2b-48cf-a7cd-eceae325576e,true,4
9e34d151-1e36-4758-9672-d601597359bd,181b9bc7-d799-42f4-bf47-12a211eb4605,2e4c09cc-eea4-451e-ab0d-c8a4882e0370,true,2
87eeef3a-42a2-48ec-bd91-ae0e3ad62c0e,bcf1e356-7374-48e1-bc92-29c189d98524,,true,5
5a018700-2f75-4e55-a262-8b5fe9e773d0,1ccba697-0102-42fa-8ab5-47e76e73e813,9bda3e67-1a02-4f3f-840e-a979564a902d,true,3
bfc1dffb-c737-48e5-b999-1e383d20e49d,78612671-b300-4ac8-a90b-74b26da964ab,,true,1
d0151dd9-c759-4691-bf55-4f67b4a5f4ff,09d475f9-67ca-4155-9888-dad40e697ac7,71693463-27d9-4d35-9cea-9ba9ffc472f7,true,2
f0150343-c259-461a-b8bd-be7e65ec9455,ed736465-9534-4462-9874-49759ecde945,c48d9ec8-9395-4b15-b723-64e499db8db2,true,5
02e91ec1-9e75-4cd3-9e11-8e5631dade88,9ba34d3d-7021-4317-9d6a-e580bb1e7cb3,5f2f5dcb-3fc9-4dda-98b6-df3c4925d1bc,true,3
a7cfa98e-806c-4ac7-b71e-26750f80cdb0,91905923-20cf-48ca-820e-9c15e34ceb12,9a165453-ed82-4ffb-9245-c15ada6400b2,false,2
97a8c7b4-47b3-47d2-9055-59acb8d20cb7,0732072f-4f63-40e4-9fad-d24adecd0b93,71d5fc69-da0c-47a6-9bd9-c618b4a8799e,true,2
493a8025-fcb5-47c0-9dc9-326d38db7a57,d1cbf7a7-6eb5-4ff9-9237-33b6784e2326,2f7ba909-22ab-49c7-8ba7-e2478c0d9d29,false,1
bf437da9-a907-42f5-b175-a8e1cc179727,1d9a961d-1fb3-4648-af7a-eedb59e7a45e,ba9ef3d3-c876-4d6a-81d8-32270576a223,false,4
f9224350-c884-4b92-ade7-4920c8535578,b0fcec53-a6f4-468a-8a8c-bd1e56981957,209b951d-a0bb-47b2-ac89-8e77afefbc9a,true,5
c9156885-29bb-4b82-ae79-991695072c25,f12491b3-4e40-4409-8b6f-608d3bb9d621,4ef29b7e-0b57-4110-b438-064a52e1b66e,true,2
1ffaa269-1d2c-4c5e-9909-bcc72ddccb8d,15ddb946-eddb-47e6-9171-95747278ee66,4dc7a89a-d27b-486d-897b-b24b688abbec,false,1
05382fca-d679-4675-a9f2-e6f98e170137,54b9ae0d-728e-4c7f-8f1a-d68e76c37882,f198609e-2c6f-41a4-a5c5-858c9cbb5cf2,false,1
85337fab-1eff-412b-b04d-9700630fbd71,d15fec3a-055a-4b54-8bb5-ef858c2cfab2,41bda46a-6f23-4084-896d-90d1618eab12,true,4
113b0aed-2a00-4518-aa71-469f4ae18f49,58509a00-952e-46f8-9aa8-76bdbf412045,,false,2
bbb69fd6-7c5f-472c-8963-7c8787d5ffdf,3724dd23-b668-4f9a-83f1-2d62e8d4319c,e9976b1c-10c0-4c6b-a273-08392750acac,false,4
8a6d3a5a-5ec7-4ee4-9e38-6966d36ac369,d94065e7-0d97-4d05-b52c-3b9a296af3a2,f5484725-b6d0-44f0-a7cd-f6291d9baf5d,true,3
63fae176-2003-4422-ac70-4abe92358d26,1c8b5d3c-e795-458b-a158-c2f88f46166d,a1e4c243-0459-4d53-be0c-ac412c3faac5,true,5
8547ea0d-aadf-4cc5-b1d8-51e3b4745a1c,525f855e-a83d-4fad-bcf1-7408eefbbd14,,true,1
82524971-691e-4a63-87be-dbebc3c72cdd,3d94b5d1-b0f7-4616-90a9-ef4f07e8bb74,ab211222-b614-4d8d-8c65-248af1c38962,false,5
2847bdcc-b476-4b93-9acb-45897c40752f,805baf70-0409-4a7a-be71-7cd8b57075e4,,false,1
511a8a2f-db10-4530-bbd7-97053941aa65,cd60b5ea-bcef-4df0-ac66-78feda1198a2,,false,5
899678d3-7946-460a-9605-a5ab37e08a78,9f47b241-4e7b-453f-97cd-cffcde527078,,false,5
b6028683-e800-4d60-8f0d-c239678c2fa3,1ccba697-0102-42fa-8ab5-47e76e73e813,fe7b79e0-3936-42fe-8563-315376c2177a,true,3
702e74d3-f922-4d5f-89b5-5b989f26ad53,9f78e175-e15c-4bf8-99b6-4faefdeb3634,fcb8e74a-d87d-4900-a566-81bb84711aaa,true,5
e41a4220-a3e2-49b2-83a8-4154a174a7ba,019beb20-5d3b-4651-9838-04e0375b5fd8,c0c8d9b4-5811-423c-89c0-eccf20278083,true,5
ef373517-a8db-49ab-abad-cbde43bc17b6,165ac2e1-abb7-4069-b49a-6c497de14726,163927a4-7155-4b7a-a093-e6aa2cd310e0,true,1
a9a1d095-8e4d-4df1-8a99-77a463d93491,47722bd9-56de-43af-b244-decaf8080912,7f96bc82-f70d-4707-bdae-19055979b251,false,2
01d7b1e4-6936-4515-b74b-1eb629f9bf57,bcf1e356-7374-48e1-bc92-29c189d98524,4987ba9b-ea90-41df-860d-b88637b44a6d,false,1
fa56ee92-6c8b-4631-ad4b-7b09a5af3d6a,d3252523-55f9-4642-9da0-57f244b9631e,6ba98c95-b988-4eda-9b78-3d7ef16ccbc3,false,5
50faa788-e904-455f-bb00-507bcac8a4b4,2dc9f76a-4a8b-490c-a0c9-874940bb8d81,,true,2
c9d94ddb-eb4e-4d71-8a0b-50ba26ef8a25,2f7ba909-22ab-49c7-8ba7-e2478c0d9d29,550f9b71-c29b-4367-b62e-a8e59d93183a,true,2
ee02747b-c7ff-44d4-9dbc-24b53e8d8580,0c335b0b-0baf-4034-b4fe-9a0aeda7da1b,,true,1
539cb240-9d53-438f-b2df-6dd02efa3ba1,03907816-347e-4579-8f3e-faa2047d5400,,true,4
23ed773e-cab5-4ad0-b478-26dc206f9584,0c8ca74f-cf2c-4bde-b716-e0fc3f41f879,,true,2
24aaa525-09b4-477c-8a0a-d6b0d215d725,e44b5bd1-288a-4988-9341-3c3b4a0308b1,15ddb946-eddb-47e6-9171-95747278ee66,true,1
6cc4e032-02ea-474d-8db4-6cb728ceecf3,5f3b5949-9df0-4f45-8d2f-f105cc73e896,0be98bf8-26cd-4f9c-97e7-f7095a6f8381,true,4
d32db804-f6b8-44e4-8c54-485e4393fe46,0d973f51-fc28-47c6-9a84-ba80b324adaa,c4f8ab84-8951-4690-a3d3-8be43ddf0f77,true,5
12cfd34f-3296-439e-a7ed-92d916448177,de8145ee-bf42-49fe-9536-048af0ead270,,true,5
e567c5b0-2ff9-4384-bdce-3005eebcf027,b95d010d-1df3-42a2-9c66-7e6eb128fa42,,true,2
d80bea4a-fb15-4523-97bb-a7fc1bca43e8,71693463-27d9-4d35-9cea-9ba9ffc472f7,,false,5
94a3866e-ae48-4ee7-963d-0768e5ee0737,6f0b329e-9fe2-4bd1-8836-54efdaec16f5,0c335b0b-0baf-4034-b4fe-9a0aeda7da1b,true,2
51e8ead4-7096-460f-93ac-3bea6cd6fc3e,dbea5edf-9b05-4612-bbda-9fbdb2355006,,true,2
69b4f590-4d7b-4cf3-8c48-60847409bb46,4f7b129a-3d7a-4d1b-984a-132d8ca6c1a3,9b32e1ae-c7d8-4477-8bb5-270225eaada3,true,2
1ca38aac-436d-42c9-8610-05f5a35eaf3b,5b42b1c6-a383-464d-8d09-64bf629bba76,,true,5
fd660ac7-2907-47b2-a9af-203af4715edb,4731d9e6-b8cb-466d-b3e7-75750796ed89,,true,2
ecbe3667-7989-4093-9df8-70e101d210ee,f1b118f3-6113-4da6-b961-f8ad8d2ba70c,ae952426-a499-409c-8281-1489c6e80c15,true,3
40a12de9-e6bc-4b84-9334-5870302eb84b,6a1cd018-1311-42be-b960-c01456785877,c690b4d3-27a8-4b76-9a05-3430edd95749,false,2
5117c002-2a40-4d9c-8381-1d7de1bb3262,aa67cab0-119c-4650-963e-0b5d1a2c96dd,8dd24635-9ad0-49a0-b36a-928164e83eb5,true,3
12665074-0165-4e28-bf9a-80c5756fd774,28a8e969-4a11-46c3-a1ec-afbdc6b10b64,65eb0048-aeda-4dd1-944e-f4069902681a,true,3
bdcd58ff-3fed-456b-b292-d53da1fb4de4,0d973f51-fc28-47c6-9a84-ba80b324adaa,cf3ade03-0c9e-4fd1-ba97-0470cf56d5e5,false,5
0b3b89e0-79bd-4dc2-b211-cb42f1dbdb43,28a8e969-4a11-46c3-a1ec-afbdc6b10b64,,true,3
cb4f0ba4-7df1-4a4d-b365-f753df0ff84d,4731d9e6-b8cb-466d-b3e7-75750796ed89,b133cb6b-a5de-4369-8263-2b1525c22f14,true,4
856e5e1c-66b0-4c93-82d0-d2bb5148896b,c31993a6-5d82-4e91-b816-f2def251edce,830ed060-429d-4c8a-a6ac-fd56d90b0a99,false,5
43bd7fa3-0670-4e78-9981-035e08e654e4,5a30985d-db00-4c73-aa69-a232e5d499fa,4a03ee33-e7cf-46af-9fef-95f65cc8a00a,true,2
4021f79c-a205-44a5-9d2a-f4dd8cb3523f,bcf1e356-7374-48e1-bc92-29c189d98524,bf0c6793-096a-4c88-9a0c-0d6552e99ae4,true,3
21432810-11c9-4d61-b3c2-7acefb067a3f,b133cb6b-a5de-4369-8263-2b1525c22f14,cb0443e8-14bc-42d5-b0b8-1a659490741d,true,5
9f792cf4-923e-47b3-aa87-992f6eb449e9,d87995a8-5f48-4599-ac6c-41b7692a22ba,,true,5
9176f53b-3113-4678-8b4c-fcbdbcfa8b63,fe970ec9-4798-487e-a93c-4481254eec97,01ff4176-2748-470f-8b0a-14639bdb4be1,true,1
35a06ac8-fe9e-4748-977a-1855a0e38a3f,5a30985d-db00-4c73-aa69-a232e5d499fa,019506c8-990f-402f-b0ff-1e3e7dc320b9,true,1
763f0f3c-4774-4a41-a633-c4aaa33cf09d,7fa8d19d-4c7e-4119-9185-343bd01c85e7,26bdb8b5-b3f6-4595-878b-b716beeb326e,true,3
cb131bf4-7c54-4208-99a1-85b508075a48,22dbb86d-1d68-4875-b18d-38c2d7f136f4,fd1265e7-cc20-465c-8f46-ada75c997c70,false,2
87ba0c2b-68cb-40a5-8e9f-5028649e2721,20a66d8a-3783-478e-a9d7-79b47af6476b,,true,2
5b9d7ca9-515c-4b38-9df5-c6064ed9dade,4e08ce8c-ca3c-4563-a7ee-325c98e6eaa3,,true,1
b4514cd2-4e82-45ba-908f-3a2979cafb91,e375bde5-d7fd-42a6-af14-ec75e1f7b92d,,true,3
01223702-0725-4885-95ce-5307125d92f9,bd207451-3da4-4c8a-9c16-04672c6465cb,a5d5e2a8-2818-4248-9cb9-db4d68c56e91,true,2
620382ec-4ca2-45fa-b006-c95f4d4ea077,cab3670c-75b4-483d-8bf6-fb01a047270f,7bf3f422-14e1-401a-b615-0b1215fbad86,true,2
0a09fc13-b5cd-4207-95fd-20d7133608bd,41056f46-cf87-40e0-8449-cc81f227bce5,a09adfe6-8650-4e04-8329-e2655db4e5cc,false,3
eb770b18-6be3-49ee-8369-86e836ca8399,2a1348c7-80ba-41ad-8f0e-a54ee41986df,,true,5
c482841d-2102-460f-ad16-79e120cc519a,103b7cf8-181f-4646-9e8a-5e93180fbff1,165ac2e1-abb7-4069-b49a-6c497de14726,false,2
95523156-77e2-4dc0-a75d-a877907c3e78,a739e9ee-0557-4287-af2f-49727866e081,27b613a8-bf8b-4623-bc66-490ed5602ecc,true,5
db1224b2-945f-4cbc-a0e5-2abd72ee8831,163927a4-7155-4b7a-a093-e6aa2cd310e0,b133cb6b-a5de-4369-8263-2b1525c22f14,true,1
